 Date , index5 , index10 , index15 , index20 , index30 ,,,,,
12/31/2015, 100.00 , 100.00 , 100.00 , 100.00 , 100.00 ,,,,,
1/1/2016, 100.82 , 100.82 , 100.84 , 100.84 , 100.84 ,,,,,
1/2/2016, 100.65 , 100.66 , 100.69 , 100.69 , 100.69 ,,,,,
1/3/2016, 99.91 , 99.90 , 99.94 , 99.94 , 99.94 ,,,,,
1/4/2016, 100.55 , 100.54 , 100.58 , 100.57 , 99.94 ,,,,,
1/5/2016, 100.32 , 100.29 , 100.33 , 100.33 , 99.70 ,,,,,
1/6/2016, 99.68 , 99.66 , 99.71 , 99.70 , 99.07 ,,,,,
1/7/2016, 106.07 , 106.01 , 106.05 , 106.04 , 105.37 ,,,,,
1/8/2016, 105.00 , 104.97 , 105.02 , 105.02 , 104.35 ,,,,,
1/9/2016, 103.79 , 103.82 , 103.87 , 103.87 , 103.22 ,,,,,
1/10/2016, 103.87 , 103.87 , 103.92 , 103.92 , 103.27 ,,,,,
1/11/2016, 104.00 , 104.01 , 104.07 , 104.06 , 103.41 ,,,,,
1/12/2016, 101.23 , 101.29 , 101.39 , 101.40 , 100.76 ,,,,,
1/13/2016, 100.47 , 100.57 , 100.67 , 100.67 , 100.04 ,,,,,
1/14/2016, 99.97 , 100.05 , 100.16 , 100.16 , 99.53 ,,,,,
1/15/2016, 85.18 , 85.28 , 85.38 , 85.38 , 84.84 ,,,,,
1/16/2016, 90.31 , 90.39 , 90.49 , 90.49 , 89.92 ,,,,,
1/17/2016, 89.36 , 89.44 , 89.54 , 89.54 , 88.97 ,,,,,
1/18/2016, 90.51 , 90.59 , 90.71 , 90.70 , 90.14 ,,,,,
1/19/2016, 88.86 , 88.96 , 89.08 , 89.08 , 88.52 ,,,,,
1/20/2016, 98.08 , 98.16 , 98.28 , 98.27 , 97.66 ,,,,,
1/21/2016, 95.80 , 95.86 , 95.99 , 95.98 , 95.39 ,,,,,
1/22/2016, 89.50 , 89.61 , 89.73 , 89.73 , 89.17 ,,,,,
1/23/2016, 90.87 , 90.99 , 91.12 , 91.12 , 90.55 ,,,,,
1/24/2016, 94.44 , 94.58 , 94.70 , 94.70 , 94.11 ,,,,,
1/25/2016, 92.04 , 92.21 , 92.33 , 92.33 , 91.76 ,,,,,
1/26/2016, 92.24 , 92.59 , 92.73 , 92.74 , 92.16 ,,,,,
1/27/2016, 93.52 , 94.01 , 94.16 , 94.17 , 93.59 ,,,,,
1/28/2016, 90.10 , 90.49 , 90.64 , 90.65 , 90.09 ,,,,,
1/29/2016, 90.17 , 90.52 , 90.66 , 90.67 , 90.11 ,,,,,
1/30/2016, 89.78 , 90.08 , 90.22 , 90.23 , 89.67 ,,,,,
1/31/2016, 87.50 , 87.83 , 87.95 , 87.96 , 87.42 ,,,,,
2/1/2016, 88.39 , 88.71 , 88.83 , 88.85 , 88.30 ,,,,,
2/2/2016, 89.05 , 89.36 , 89.49 , 89.50 , 88.95 ,,,,,
2/3/2016, 88.21 , 88.53 , 88.66 , 88.68 , 88.13 ,,,,,
2/4/2016, 92.67 , 92.98 , 93.14 , 93.15 , 92.58 ,,,,,
2/5/2016, 92.12 , 92.45 , 92.62 , 92.63 , 92.06 ,,,,,
2/6/2016, 90.20 , 90.53 , 90.69 , 90.70 , 90.14 ,,,,,
2/7/2016, 90.80 , 91.15 , 91.30 , 91.31 , 90.75 ,,,,,
2/8/2016, 90.15 , 90.48 , 90.64 , 90.65 , 90.09 ,,,,,
2/9/2016, 91.37 , 91.68 , 91.82 , 91.83 , 91.27 ,,,,,
2/10/2016, 92.91 , 93.25 , 93.42 , 93.43 , 92.86 ,,,,,
2/11/2016, 93.38 , 93.70 , 93.86 , 93.87 , 93.30 ,,,,,
2/12/2016, 94.31 , 94.80 , 94.99 , 95.02 , 94.44 ,,,,,
2/13/2016, 96.05 , 96.49 , 96.70 , 96.72 , 96.14 ,,,,,
2/14/2016, 99.59 , 100.06 , 100.27 , 100.30 , 99.69 ,,,,,
2/15/2016, 98.05 , 98.55 , 98.76 , 98.78 , 98.19 ,,,,,
2/16/2016, 99.09 , 99.58 , 99.79 , 99.82 , 99.22 ,,,,,
2/17/2016, 100.54 , 101.00 , 101.18 , 101.20 , 100.59 ,,,,,
2/18/2016, 102.31 , 102.73 , 102.91 , 102.93 , 102.31 ,,,,,
2/19/2016, 102.34 , 102.77 , 102.94 , 102.96 , 102.35 ,,,,,
2/20/2016, 105.85 , 106.26 , 106.43 , 106.46 , 105.82 ,,,,,
2/21/2016, 106.35 , 106.82 , 106.99 , 107.01 , 106.37 ,,,,,
2/22/2016, 106.74 , 107.23 , 107.39 , 107.42 , 106.78 ,,,,,
2/23/2016, 102.86 , 103.32 , 103.49 , 103.51 , 102.89 ,,,,,
2/24/2016, 104.17 , 104.67 , 104.85 , 104.87 , 104.25 ,,,,,
2/25/2016, 103.97 , 104.44 , 104.63 , 104.64 , 104.02 ,,,,,
2/26/2016, 105.60 , 106.09 , 106.27 , 106.28 , 105.65 ,,,,,
2/27/2016, 105.90 , 106.42 , 106.60 , 106.61 , 105.98 ,,,,,
2/28/2016, 106.11 , 106.64 , 106.82 , 106.84 , 106.20 ,,,,,
2/29/2016, 107.00 , 107.51 , 107.70 , 107.72 , 107.08 ,,,,,
3/1/2016, 107.83 , 108.32 , 108.48 , 108.49 , 107.85 ,,,,,
3/2/2016, 106.17 , 106.65 , 106.83 , 106.84 , 106.21 ,,,,,
3/3/2016, 106.41 , 107.02 , 107.20 , 107.22 , 106.58 ,,,,,
3/4/2016, 104.80 , 105.41 , 105.61 , 105.62 , 104.99 ,,,,,
3/5/2016, 102.79 , 103.40 , 103.64 , 103.65 , 103.04 ,,,,,
3/6/2016, 104.61 , 105.23 , 105.54 , 105.55 , 104.93 ,,,,,
3/7/2016, 105.07 , 105.69 , 106.07 , 106.08 , 105.46 ,,,,,
3/8/2016, 105.22 , 105.85 , 106.29 , 106.31 , 105.69 ,,,,,
3/9/2016, 106.90 , 107.56 , 107.97 , 107.99 , 107.36 ,,,,,
3/10/2016, 107.15 , 107.93 , 108.33 , 108.34 , 107.72 ,,,,,
3/11/2016, 108.38 , 109.18 , 109.59 , 109.61 , 108.98 ,,,,,
3/12/2016, 107.54 , 108.33 , 108.74 , 108.75 , 108.13 ,,,,,
3/13/2016, 108.49 , 109.31 , 109.72 , 109.74 , 109.11 ,,,,,
3/14/2016, 107.98 , 108.74 , 109.12 , 109.14 , 108.52 ,,,,,
3/15/2016, 108.32 , 109.11 , 109.48 , 109.51 , 108.88 ,,,,,
3/16/2016, 108.06 , 108.88 , 109.23 , 109.27 , 108.65 ,,,,,
3/17/2016, 108.04 , 108.83 , 109.20 , 109.26 , 108.64 ,,,,,
3/18/2016, 105.32 , 106.06 , 106.40 , 106.45 , 105.85 ,,,,,
3/19/2016, 105.22 , 106.00 , 106.38 , 106.43 , 105.84 ,,,,,
3/20/2016, 105.82 , 106.63 , 106.98 , 107.03 , 106.44 ,,,,,
3/21/2016, 106.83 , 107.64 , 108.00 , 108.06 , 107.46 ,,,,,
3/22/2016, 107.58 , 108.39 , 108.76 , 108.82 , 108.21 ,,,,,
3/23/2016, 108.41 , 109.25 , 109.65 , 109.71 , 109.10 ,,,,,
3/24/2016, 107.35 , 108.21 , 108.65 , 108.72 , 108.11 ,,,,,
3/25/2016, 107.22 , 108.12 , 108.54 , 108.62 , 108.02 ,,,,,
3/26/2016, 107.45 , 108.36 , 108.79 , 108.87 , 108.27 ,,,,,
3/27/2016, 109.09 , 109.96 , 110.39 , 110.46 , 109.85 ,,,,,
3/28/2016, 109.13 , 110.00 , 110.42 , 110.50 , 109.89 ,,,,,
3/29/2016, 107.35 , 108.29 , 108.72 , 108.80 , 108.20 ,,,,,
3/30/2016, 106.99 , 107.89 , 108.31 , 108.39 , 107.79 ,,,,,
3/31/2016, 107.14 , 108.03 , 108.46 , 108.54 , 107.94 ,,,,,
4/1/2016, 107.70 , 108.58 , 109.01 , 109.08 , 108.48 ,,,,,
4/2/2016, 108.31 , 109.19 , 109.66 , 109.74 , 109.13 ,,,,,
4/3/2016, 108.33 , 109.23 , 109.69 , 109.77 , 109.16 ,,,,,
4/4/2016, 107.94 , 108.85 , 109.32 , 109.40 , 108.79 ,,,,,
4/5/2016, 107.68 , 108.54 , 108.98 , 109.05 , 108.45 ,,,,,
4/6/2016, 107.77 , 108.60 , 109.03 , 109.10 , 108.50 ,,,,,
4/7/2016, 106.69 , 107.50 , 107.92 , 107.99 , 107.40 ,,,,,
4/8/2016, 105.64 , 106.43 , 106.87 , 106.94 , 106.35 ,,,,,
4/9/2016, 104.50 , 105.26 , 105.69 , 105.75 , 105.18 ,,,,,
4/10/2016, 104.47 , 105.11 , 105.51 , 105.57 , 104.99 ,,,,,
4/11/2016, 104.31 , 104.89 , 105.30 , 105.36 , 104.79 ,,,,,
4/12/2016, 103.12 , 103.88 , 104.27 , 104.32 , 103.75 ,,,,,
4/13/2016, 103.67 , 104.45 , 104.83 , 104.88 , 104.31 ,,,,,
4/14/2016, 104.65 , 105.39 , 105.80 , 105.86 , 105.28 ,,,,,
4/15/2016, 105.60 , 106.31 , 106.70 , 106.75 , 106.16 ,,,,,
4/16/2016, 106.39 , 107.13 , 107.52 , 107.57 , 106.97 ,,,,,
4/17/2016, 106.74 , 107.51 , 107.90 , 107.95 , 107.35 ,,,,,
4/18/2016, 106.86 , 107.66 , 108.05 , 108.11 , 107.51 ,,,,,
4/19/2016, 107.95 , 108.71 , 109.12 , 109.17 , 108.57 ,,,,,
4/20/2016, 108.87 , 109.62 , 110.02 , 110.07 , 109.46 ,,,,,
4/21/2016, 110.08 , 110.77 , 111.14 , 111.19 , 110.56 ,,,,,
4/22/2016, 108.81 , 109.48 , 109.87 , 109.91 , 109.30 ,,,,,
4/23/2016, 110.54 , 111.24 , 111.63 , 111.68 , 111.05 ,,,,,
4/24/2016, 111.91 , 112.54 , 112.93 , 112.97 , 112.33 ,,,,,
4/25/2016, 111.85 , 112.37 , 112.75 , 112.79 , 112.15 ,,,,,
4/26/2016, 112.56 , 112.97 , 113.33 , 113.36 , 112.71 ,,,,,
4/27/2016, 108.66 , 109.15 , 109.54 , 109.58 , 108.95 ,,,,,
4/28/2016, 108.53 , 109.01 , 109.40 , 109.44 , 108.82 ,,,,,
4/29/2016, 110.31 , 110.75 , 111.17 , 111.21 , 110.58 ,,,,,
4/30/2016, 111.23 , 111.71 , 112.12 , 112.16 , 111.52 ,,,,,
5/1/2016, 112.05 , 112.54 , 112.97 , 113.00 , 112.35 ,,,,,
5/2/2016, 111.90 , 112.41 , 112.83 , 112.86 , 112.22 ,,,,,
5/3/2016, 112.26 , 112.76 , 113.17 , 113.20 , 112.55 ,,,,,
5/4/2016, 111.49 , 111.98 , 112.38 , 112.41 , 111.77 ,,,,,
5/5/2016, 112.10 , 112.57 , 112.97 , 113.00 , 112.36 ,,,,,
5/6/2016, 114.29 , 114.76 , 115.14 , 115.16 , 114.50 ,,,,,
5/7/2016, 114.20 , 114.62 , 114.98 , 115.00 , 114.34 ,,,,,
5/8/2016, 114.28 , 114.67 , 115.03 , 115.04 , 114.39 ,,,,,
5/9/2016, 114.56 , 114.93 , 115.25 , 115.26 , 114.61 ,,,,,
5/10/2016, 112.39 , 112.81 , 113.13 , 113.14 , 112.50 ,,,,,
5/11/2016, 113.44 , 113.87 , 114.21 , 114.22 , 113.57 ,,,,,
5/12/2016, 113.91 , 114.37 , 114.71 , 114.71 , 114.06 ,,,,,
5/13/2016, 114.58 , 115.01 , 115.38 , 115.38 , 114.72 ,,,,,
5/14/2016, 114.35 , 114.75 , 115.13 , 115.12 , 114.46 ,,,,,
5/15/2016, 114.51 , 114.93 , 115.29 , 115.29 , 114.63 ,,,,,
5/16/2016, 114.96 , 115.41 , 115.78 , 115.80 , 115.14 ,,,,,
5/17/2016, 115.78 , 116.23 , 116.61 , 116.62 , 115.96 ,,,,,
5/18/2016, 117.09 , 117.52 , 117.89 , 117.90 , 117.23 ,,,,,
5/19/2016, 114.40 , 114.87 , 115.26 , 115.26 , 114.62 ,,,,,
5/20/2016, 114.62 , 115.10 , 115.52 , 115.53 , 114.89 ,,,,,
5/21/2016, 115.02 , 115.50 , 115.92 , 115.92 , 115.28 ,,,,,
5/22/2016, 114.29 , 114.80 , 115.21 , 115.21 , 114.58 ,,,,,
5/23/2016, 114.81 , 115.28 , 115.70 , 115.70 , 115.06 ,,,,,
5/24/2016, 114.67 , 115.13 , 115.56 , 115.54 , 114.90 ,,,,,
5/25/2016, 115.25 , 115.69 , 116.08 , 116.07 , 115.42 ,,,,,
5/26/2016, 115.95 , 116.36 , 116.78 , 116.76 , 116.11 ,,,,,
5/27/2016, 119.71 , 120.10 , 120.48 , 120.44 , 119.77 ,,,,,
5/28/2016, 132.67 , 133.02 , 133.35 , 133.29 , 132.54 ,,,,,
5/29/2016, 132.26 , 132.66 , 133.01 , 132.95 , 132.20 ,,,,,
5/30/2016, 134.35 , 134.80 , 135.14 , 135.08 , 134.33 ,,,,,
5/31/2016, 135.00 , 135.41 , 135.76 , 135.70 , 134.94 ,,,,,
6/1/2016, 136.20 , 136.64 , 137.00 , 136.96 , 136.20 ,,,,,
6/2/2016, 136.09 , 136.51 , 136.89 , 136.86 , 136.10 ,,,,,
6/3/2016, 142.94 , 143.40 , 143.80 , 143.74 , 142.94 ,,,,,
6/4/2016, 143.50 , 144.03 , 144.42 , 144.37 , 143.56 ,,,,,
6/5/2016, 144.21 , 144.75 , 145.14 , 145.11 , 144.30 ,,,,,
6/6/2016, 146.49 , 146.97 , 147.34 , 147.32 , 146.49 ,,,,,
6/7/2016, 145.21 , 145.62 , 146.01 , 146.00 , 145.19 ,,,,,
6/8/2016, 146.15 , 146.64 , 147.00 , 146.99 , 146.18 ,,,,,
6/9/2016, 144.62 , 145.14 , 145.58 , 145.57 , 144.76 ,,,,,
6/10/2016, 144.73 , 145.22 , 145.67 , 145.65 , 144.85 ,,,,,
6/11/2016, 151.34 , 151.79 , 152.22 , 152.19 , 151.36 ,,,,,
6/12/2016, 167.27 , 167.55 , 167.99 , 167.95 , 167.01 ,,,,,
6/13/2016, 176.09 , 176.42 , 176.91 , 176.84 , 175.85 ,,,,,
6/14/2016, 174.41 , 174.79 , 175.32 , 175.26 , 174.27 ,,,,,
6/15/2016, 175.65 , 176.16 , 176.67 , 176.61 , 175.62 ,,,,,
6/16/2016, 193.58 , 194.09 , 194.65 , 194.60 , 193.49 ,,,,,
6/17/2016, 184.20 , 184.57 , 185.11 , 185.07 , 184.02 ,,,,,
6/18/2016, 180.04 , 180.42 , 181.07 , 181.02 , 180.00 ,,,,,
6/19/2016, 183.31 , 183.92 , 184.52 , 184.49 , 183.46 ,,,,,
6/20/2016, 177.02 , 177.66 , 178.23 , 178.25 , 177.26 ,,,,,
6/21/2016, 164.70 , 165.26 , 165.82 , 165.84 , 164.92 ,,,,,
6/22/2016, 149.25 , 149.91 , 150.46 , 150.48 , 149.64 ,,,,,
6/23/2016, 155.74 , 156.58 , 157.13 , 157.17 , 156.29 ,,,,,
6/24/2016, 165.62 , 166.48 , 167.04 , 167.09 , 166.15 ,,,,,
6/25/2016, 165.43 , 166.21 , 166.78 , 166.88 , 165.94 ,,,,,
6/26/2016, 157.26 , 158.00 , 158.58 , 158.71 , 157.83 ,,,,,
6/27/2016, 162.79 , 163.65 , 164.28 , 164.44 , 163.53 ,,,,,
6/28/2016, 158.94 , 159.89 , 160.53 , 160.68 , 159.80 ,,,,,
6/29/2016, 158.10 , 159.03 , 159.70 , 159.89 , 159.04 ,,,,,
6/30/2016, 164.88 , 165.90 , 166.55 , 166.72 , 165.83 ,,,,,
7/1/2016, 165.08 , 166.08 , 166.69 , 166.84 , 165.93 ,,,,,
7/2/2016, 171.00 , 171.97 , 172.63 , 172.78 , 171.82 ,,,,,
7/3/2016, 160.76 , 161.72 , 162.42 , 162.59 , 161.69 ,,,,,
7/4/2016, 166.19 , 167.14 , 167.85 , 168.00 , 167.07 ,,,,,
7/5/2016, 161.97 , 162.89 , 163.61 , 163.79 , 162.89 ,,,,,
7/6/2016, 163.29 , 164.19 , 164.95 , 165.09 , 164.20 ,,,,,
7/7/2016, 154.48 , 155.37 , 156.18 , 156.31 , 155.47 ,,,,,
7/8/2016, 161.79 , 162.73 , 163.54 , 163.69 , 162.81 ,,,,,
7/9/2016, 157.92 , 158.84 , 159.84 , 159.99 , 159.13 ,,,,,
7/10/2016, 157.54 , 158.51 , 159.52 , 159.69 , 158.84 ,,,,,
7/11/2016, 156.52 , 157.73 , 158.92 , 159.08 , 158.23 ,,,,,
7/12/2016, 160.31 , 161.48 , 163.12 , 163.28 , 162.41 ,,,,,
7/13/2016, 158.09 , 159.23 , 161.00 , 161.17 , 160.34 ,,,,,
7/14/2016, 160.02 , 161.15 , 162.95 , 163.15 , 162.34 ,,,,,
7/15/2016, 161.67 , 162.91 , 164.69 , 164.91 , 164.09 ,,,,,
7/16/2016, 160.80 , 162.01 , 163.77 , 163.98 , 163.16 ,,,,,
7/17/2016, 164.19 , 165.33 , 167.09 , 167.31 , 166.47 ,,,,,
7/18/2016, 162.60 , 163.74 , 165.46 , 165.65 , 164.81 ,,,,,
7/19/2016, 163.09 , 164.21 , 166.11 , 166.30 , 165.46 ,,,,,
7/20/2016, 162.62 , 163.74 , 165.60 , 165.78 , 164.94 ,,,,,
7/21/2016, 162.62 , 163.79 , 165.60 , 165.79 , 164.96 ,,,,,
7/22/2016, 161.59 , 162.78 , 164.59 , 164.79 , 163.96 ,,,,,
7/23/2016, 162.46 , 163.76 , 165.63 , 165.84 , 165.02 ,,,,,
7/24/2016, 162.14 , 163.39 , 165.21 , 165.42 , 164.59 ,,,,,
7/25/2016, 161.75 , 162.98 , 164.79 , 165.00 , 164.17 ,,,,,
7/26/2016, 159.19 , 160.36 , 162.08 , 162.27 , 161.45 ,,,,,
7/27/2016, 160.81 , 161.98 , 163.72 , 163.91 , 163.07 ,,,,,
7/28/2016, 160.83 , 162.02 , 163.74 , 163.96 , 163.12 ,,,,,
7/29/2016, 161.33 , 162.56 , 164.28 , 164.50 , 163.66 ,,,,,
7/30/2016, 160.59 , 161.84 , 163.57 , 163.80 , 162.96 ,,,,,
7/31/2016, 153.34 , 154.58 , 156.24 , 156.46 , 155.68 ,,,,,
8/1/2016, 148.00 , 149.86 , 151.47 , 151.69 , 150.93 ,,,,,
8/2/2016, 132.92 , 135.05 , 136.46 , 136.64 , 135.96 ,,,,,
8/3/2016, 138.86 , 140.89 , 142.38 , 142.57 , 141.85 ,,,,,
8/4/2016, 142.29 , 144.19 , 145.87 , 146.07 , 145.33 ,,,,,
8/5/2016, 141.80 , 143.96 , 145.65 , 145.85 , 145.12 ,,,,,
8/6/2016, 144.35 , 146.64 , 148.37 , 148.59 , 147.84 ,,,,,
8/7/2016, 145.48 , 147.31 , 149.05 , 149.27 , 148.51 ,,,,,
8/8/2016, 145.31 , 147.20 , 148.95 , 149.21 , 148.44 ,,,,,
8/9/2016, 145.45 , 147.22 , 148.99 , 149.29 , 148.52 ,,,,,
8/10/2016, 145.84 , 147.42 , 149.21 , 149.51 , 148.74 ,,,,,
8/11/2016, 144.64 , 146.45 , 148.20 , 148.53 , 147.79 ,,,,,
8/12/2016, 144.18 , 146.38 , 148.14 , 148.43 , 147.70 ,,,,,
8/13/2016, 143.93 , 146.12 , 147.87 , 148.19 , 147.47 ,,,,,
8/14/2016, 140.03 , 142.41 , 144.15 , 144.48 , 143.76 ,,,,,
8/15/2016, 139.36 , 141.60 , 143.34 , 143.66 , 142.96 ,,,,,
8/16/2016, 141.35 , 143.52 , 145.30 , 145.62 , 144.94 ,,,,,
8/17/2016, 140.33 , 142.40 , 144.17 , 144.51 , 143.82 ,,,,,
8/18/2016, 140.48 , 142.62 , 144.37 , 144.71 , 144.02 ,,,,,
8/19/2016, 140.71 , 143.00 , 144.74 , 145.07 , 144.38 ,,,,,
8/20/2016, 142.48 , 144.62 , 146.41 , 146.74 , 146.06 ,,,,,
8/21/2016, 142.26 , 144.43 , 146.20 , 146.55 , 145.87 ,,,,,
8/22/2016, 143.15 , 145.28 , 147.18 , 147.56 , 146.87 ,,,,,
8/23/2016, 142.17 , 144.07 , 146.00 , 146.38 , 145.70 ,,,,,
8/24/2016, 141.40 , 143.20 , 145.10 , 145.46 , 144.79 ,,,,,
8/25/2016, 140.82 , 142.49 , 144.40 , 144.75 , 144.08 ,,,,,
8/26/2016, 141.02 , 142.79 , 144.70 , 145.06 , 144.38 ,,,,,
8/27/2016, 138.56 , 140.23 , 142.17 , 142.51 , 141.85 ,,,,,
8/28/2016, 138.88 , 140.50 , 142.69 , 143.04 , 142.36 ,,,,,
8/29/2016, 140.05 , 141.56 , 143.72 , 144.17 , 143.49 ,,,,,
8/30/2016, 140.69 , 142.14 , 144.32 , 144.74 , 144.08 ,,,,,
8/31/2016, 140.64 , 141.98 , 144.15 , 144.58 , 143.91 ,,,,,
9/1/2016, 140.17 , 141.61 , 143.78 , 144.19 , 143.52 ,,,,,
9/2/2016, 140.99 , 142.75 , 144.90 , 145.33 , 144.65 ,,,,,
9/3/2016, 145.43 , 147.05 , 149.15 , 149.54 , 148.85 ,,,,,
9/4/2016, 147.59 , 149.64 , 151.73 , 152.12 , 151.42 ,,,,,
9/5/2016, 147.15 , 149.32 , 151.45 , 151.85 , 151.15 ,,,,,
9/6/2016, 147.84 , 149.78 , 151.92 , 152.30 , 151.63 ,,,,,
9/7/2016, 148.44 , 150.35 , 152.49 , 152.90 , 152.24 ,,,,,
9/8/2016, 150.43 , 152.46 , 154.58 , 154.99 , 154.30 ,,,,,
9/9/2016, 150.07 , 152.05 , 154.17 , 154.59 , 153.91 ,,,,,
9/10/2016, 151.02 , 153.02 , 155.11 , 155.52 , 154.85 ,,,,,
9/11/2016, 146.66 , 148.40 , 150.53 , 150.94 , 150.29 ,,,,,
9/12/2016, 147.24 , 148.95 , 151.20 , 151.65 , 150.99 ,,,,,
9/13/2016, 147.37 , 149.25 , 151.47 , 151.91 , 151.26 ,,,,,
9/14/2016, 147.66 , 149.44 , 151.73 , 152.19 , 151.54 ,,,,,
9/15/2016, 147.93 , 149.48 , 151.77 , 152.25 , 151.60 ,,,,,
9/16/2016, 148.30 , 149.72 , 152.01 , 152.47 , 151.81 ,,,,,
9/17/2016, 148.12 , 149.64 , 151.93 , 152.41 , 151.75 ,,,,,
9/18/2016, 148.71 , 150.18 , 152.42 , 152.91 , 152.24 ,,,,,
9/19/2016, 149.15 , 150.70 , 152.99 , 153.47 , 152.79 ,,,,,
9/20/2016, 150.12 , 151.62 , 153.89 , 154.40 , 153.72 ,,,,,
9/21/2016, 147.02 , 148.48 , 150.72 , 151.21 , 150.55 ,,,,,
9/22/2016, 146.55 , 148.06 , 150.26 , 150.75 , 150.09 ,,,,,
9/23/2016, 148.20 , 149.75 , 151.91 , 152.37 , 151.69 ,,,,,
9/24/2016, 148.14 , 149.68 , 151.84 , 152.31 , 151.64 ,,,,,
9/25/2016, 148.21 , 149.63 , 151.81 , 152.30 , 151.62 ,,,,,
9/26/2016, 149.41 , 150.64 , 152.78 , 153.25 , 152.56 ,,,,,
9/27/2016, 149.36 , 150.53 , 152.71 , 153.19 , 152.50 ,,,,,
9/28/2016, 149.40 , 150.63 , 152.76 , 153.27 , 152.57 ,,,,,
9/29/2016, 149.39 , 150.49 , 152.58 , 153.08 , 152.38 ,,,,,
9/30/2016, 150.30 , 151.44 , 153.53 , 154.03 , 153.32 ,,,,,
10/1/2016, 150.67 , 151.58 , 153.58 , 154.08 , 153.36 ,,,,,
10/2/2016, 150.21 , 151.13 , 153.12 , 153.60 , 152.89 ,,,,,
10/3/2016, 150.65 , 151.55 , 153.53 , 154.00 , 153.29 ,,,,,
10/4/2016, 149.87 , 150.69 , 152.72 , 153.21 , 152.49 ,,,,,
10/5/2016, 149.72 , 150.58 , 152.62 , 153.09 , 152.39 ,,,,,
10/6/2016, 149.68 , 150.50 , 152.51 , 152.99 , 152.30 ,,,,,
10/7/2016, 150.27 , 150.95 , 152.91 , 153.40 , 152.70 ,,,,,
10/8/2016, 150.11 , 150.81 , 152.77 , 153.23 , 152.52 ,,,,,
10/9/2016, 149.66 , 150.26 , 152.23 , 152.71 , 152.01 ,,,,,
10/10/2016, 149.89 , 150.29 , 152.26 , 152.75 , 152.05 ,,,,,
10/11/2016, 154.68 , 154.89 , 156.85 , 157.32 , 156.59 ,,,,,
10/12/2016, 153.68 , 153.88 , 155.82 , 156.28 , 155.55 ,,,,,
10/13/2016, 153.88 , 154.06 , 156.02 , 156.45 , 155.75 ,,,,,
10/14/2016, 155.00 , 155.04 , 156.97 , 157.38 , 156.68 ,,,,,
10/15/2016, 154.30 , 154.32 , 156.26 , 156.66 , 155.98 ,,,,,
10/16/2016, 154.81 , 155.06 , 157.01 , 157.40 , 156.72 ,,,,,
10/17/2016, 154.35 , 154.42 , 156.36 , 156.71 , 156.04 ,,,,,
10/18/2016, 155.02 , 154.98 , 156.95 , 157.31 , 156.63 ,,,,,
10/19/2016, 152.92 , 152.89 , 154.84 , 155.21 , 154.54 ,,,,,
10/20/2016, 153.29 , 153.26 , 155.23 , 155.65 , 154.97 ,,,,,
10/21/2016, 153.84 , 153.79 , 155.77 , 156.17 , 155.49 ,,,,,
10/22/2016, 158.72 , 158.47 , 160.47 , 160.86 , 160.16 ,,,,,
10/23/2016, 158.89 , 158.47 , 160.49 , 160.87 , 160.17 ,,,,,
10/24/2016, 157.89 , 157.43 , 159.52 , 159.91 , 159.22 ,,,,,
10/25/2016, 157.81 , 157.21 , 159.29 , 159.66 , 158.96 ,,,,,
10/26/2016, 162.22 , 161.34 , 163.45 , 163.79 , 163.07 ,,,,,
10/27/2016, 164.09 , 163.04 , 165.11 , 165.42 , 164.68 ,,,,,
10/28/2016, 163.45 , 162.27 , 164.28 , 164.56 , 163.83 ,,,,,
10/29/2016, 167.20 , 165.56 , 167.50 , 167.74 , 166.98 ,,,,,
10/30/2016, 166.12 , 164.78 , 166.79 , 167.07 , 166.33 ,,,,,
10/31/2016, 165.62 , 164.16 , 166.13 , 166.41 , 165.67 ,,,,,
11/1/2016, 171.37 , 169.66 , 171.59 , 171.84 , 171.05 ,,,,,
11/2/2016, 173.70 , 171.93 , 173.84 , 174.10 , 173.32 ,,,,,
11/3/2016, 162.74 , 161.37 , 163.21 , 163.49 , 162.78 ,,,,,
11/4/2016, 166.25 , 164.77 , 166.79 , 167.06 , 166.35 ,,,,,
11/5/2016, 166.29 , 165.02 , 167.23 , 167.51 , 166.79 ,,,,,
11/6/2016, 167.77 , 166.42 , 168.63 , 168.90 , 168.16 ,,,,,
11/7/2016, 165.83 , 164.73 , 166.94 , 167.23 , 166.48 ,,,,,
11/8/2016, 167.31 , 166.23 , 168.38 , 168.62 , 167.86 ,,,,,
11/9/2016, 169.83 , 168.63 , 170.79 , 171.02 , 170.21 ,,,,,
11/10/2016, 168.07 , 167.00 , 169.10 , 169.34 , 168.55 ,,,,,
11/11/2016, 167.95 , 167.04 , 169.13 , 169.38 , 168.60 ,,,,,
11/12/2016, 165.05 , 164.31 , 166.35 , 166.68 , 165.95 ,,,,,
11/13/2016, 164.87 , 164.03 , 166.06 , 166.38 , 165.65 ,,,,,
11/14/2016, 165.24 , 164.40 , 166.44 , 166.77 , 166.06 ,,,,,
11/15/2016, 166.85 , 165.93 , 167.96 , 168.28 , 167.56 ,,,,,
11/16/2016, 173.45 , 172.21 , 174.18 , 174.43 , 173.65 ,,,,,
11/17/2016, 172.57 , 171.32 , 173.30 , 173.57 , 172.78 ,,,,,
11/18/2016, 174.11 , 172.72 , 174.71 , 174.97 , 174.19 ,,,,,
11/19/2016, 174.35 , 172.96 , 174.99 , 175.24 , 174.44 ,,,,,
11/20/2016, 169.93 , 168.62 , 170.62 , 170.89 , 170.10 ,,,,,
11/21/2016, 171.63 , 170.35 , 172.38 , 172.65 , 171.85 ,,,,,
11/22/2016, 174.42 , 173.13 , 175.15 , 175.41 , 174.56 ,,,,,
11/23/2016, 172.70 , 171.43 , 173.49 , 173.74 , 172.96 ,,,,,
11/24/2016, 170.89 , 169.67 , 171.76 , 172.02 , 171.23 ,,,,,
11/25/2016, 171.48 , 170.16 , 172.24 , 172.50 , 171.71 ,,,,,
11/26/2016, 170.29 , 168.96 , 171.07 , 171.31 , 170.50 ,,,,,
11/27/2016, 168.98 , 167.85 , 170.00 , 170.25 , 169.43 ,,,,,
11/28/2016, 169.30 , 168.15 , 170.31 , 170.56 , 169.75 ,,,,,
11/29/2016, 168.32 , 167.07 , 169.22 , 169.47 , 168.67 ,,,,,
11/30/2016, 170.98 , 169.81 , 171.92 , 172.15 , 171.34 ,,,,,
12/1/2016, 173.05 , 171.82 , 173.90 , 174.11 , 173.24 ,,,,,
12/2/2016, 176.57 , 175.33 , 177.38 , 177.58 , 176.65 ,,,,,
12/3/2016, 175.34 , 174.16 , 176.24 , 176.48 , 175.59 ,,,,,
12/4/2016, 175.16 , 174.00 , 176.02 , 176.24 , 175.34 ,,,,,
12/5/2016, 170.98 , 169.93 , 171.93 , 172.15 , 171.27 ,,,,,
12/6/2016, 173.63 , 172.50 , 174.54 , 174.86 , 173.93 ,,,,,
12/7/2016, 175.28 , 174.17 , 176.25 , 176.60 , 175.71 ,,,,,
12/8/2016, 175.80 , 174.71 , 176.77 , 177.08 , 176.18 ,,,,,
12/9/2016, 176.52 , 175.42 , 177.50 , 177.83 , 176.94 ,,,,,
12/10/2016, 176.35 , 175.24 , 177.31 , 177.61 , 176.71 ,,,,,
12/11/2016, 175.37 , 174.39 , 176.50 , 176.81 , 175.91 ,,,,,
12/12/2016, 177.96 , 176.86 , 178.98 , 179.31 , 178.42 ,,,,,
12/13/2016, 177.91 , 176.80 , 178.99 , 179.32 , 178.41 ,,,,,
12/14/2016, 177.96 , 176.89 , 179.10 , 179.41 , 178.51 ,,,,,
12/15/2016, 176.71 , 175.76 , 177.96 , 178.32 , 177.38 ,,,,,
12/16/2016, 178.19 , 177.25 , 179.58 , 179.95 , 179.00 ,,,,,
12/17/2016, 179.36 , 178.29 , 180.61 , 180.95 , 179.96 ,,,,,
12/18/2016, 179.35 , 178.42 , 180.75 , 181.13 , 180.17 ,,,,,
12/19/2016, 179.48 , 178.63 , 180.97 , 181.42 , 180.45 ,,,,,
12/20/2016, 181.11 , 180.12 , 182.46 , 182.91 , 181.92 ,,,,,
12/21/2016, 188.19 , 186.97 , 189.36 , 189.81 , 188.79 ,,,,,
12/22/2016, 194.04 , 192.62 , 194.99 , 195.40 , 194.38 ,,,,,
12/23/2016, 205.88 , 204.09 , 206.52 , 206.87 , 205.71 ,,,,,
12/24/2016, 201.36 , 199.82 , 202.22 , 202.58 , 201.49 ,,,,,
12/25/2016, 200.63 , 199.09 , 201.47 , 201.88 , 200.78 ,,,,,
12/26/2016, 203.12 , 201.63 , 204.03 , 204.41 , 203.30 ,,,,,
12/27/2016, 208.57 , 206.96 , 209.35 , 209.67 , 208.48 ,,,,,
12/28/2016, 218.01 , 216.27 , 218.69 , 218.90 , 217.62 ,,,,,
12/29/2016, 218.73 , 217.44 , 219.96 , 220.27 , 219.06 ,,,,,
12/30/2016, 215.98 , 214.91 , 217.47 , 217.82 , 216.64 ,,,,,
12/31/2016, 216.29 , 215.14 , 217.73 , 218.08 , 216.88 ,,,,,
1/1/2017, 223.77 , 222.43 , 224.97 , 225.33 , 224.07 ,,,,,
1/2/2017, 229.28 , 227.87 , 230.45 , 230.80 , 229.50 ,,,,,
1/3/2017, 235.41 , 234.05 , 236.74 , 237.08 , 235.71 ,,,,,
1/4/2017, 260.58 , 259.44 , 262.36 , 262.71 , 261.16 ,,,,,
1/5/2017, 229.31 , 228.50 , 231.17 , 231.54 , 230.23 ,,,,,
1/6/2017, 205.58 , 204.97 , 207.41 , 207.77 , 206.65 ,,,,,
1/7/2017, 206.53 , 205.81 , 208.30 , 208.67 , 207.56 ,,,,,
1/8/2017, 207.47 , 206.74 , 209.26 , 209.63 , 208.52 ,,,,,
1/9/2017, 205.97 , 205.15 , 207.70 , 208.09 , 206.98 ,,,,,
1/10/2017, 207.54 , 206.74 , 209.29 , 209.68 , 208.56 ,,,,,
1/11/2017, 178.66 , 178.00 , 180.24 , 180.61 , 179.67 ,,,,,
1/12/2017, 184.60 , 184.00 , 186.36 , 186.76 , 185.81 ,,,,,
1/13/2017, 188.50 , 187.84 , 190.28 , 190.67 , 189.69 ,,,,,
1/14/2017, 187.31 , 186.70 , 189.17 , 189.57 , 188.61 ,,,,,
1/15/2017, 188.13 , 187.54 , 190.01 , 190.44 , 189.52 ,,,,,
1/16/2017, 189.96 , 189.49 , 191.98 , 192.38 , 191.45 ,,,,,
1/17/2017, 206.95 , 206.27 , 208.87 , 209.28 , 208.20 ,,,,,
1/18/2017, 202.25 , 201.64 , 204.23 , 204.63 , 203.63 ,,,,,
1/19/2017, 205.17 , 204.54 , 207.13 , 207.51 , 206.49 ,,,,,
1/20/2017, 204.31 , 203.90 , 206.48 , 206.84 , 205.81 ,,,,,
1/21/2017, 210.23 , 209.80 , 212.44 , 212.80 , 211.73 ,,,,,
1/22/2017, 210.66 , 210.20 , 212.87 , 213.23 , 212.17 ,,,,,
1/23/2017, 209.99 , 209.58 , 212.27 , 212.65 , 211.62 ,,,,,
1/24/2017, 203.71 , 203.23 , 205.86 , 206.22 , 205.24 ,,,,,
1/25/2017, 205.46 , 204.92 , 207.63 , 207.98 , 207.01 ,,,,,
1/26/2017, 209.03 , 208.47 , 211.28 , 211.61 , 210.65 ,,,,,
1/27/2017, 209.37 , 208.79 , 211.58 , 211.91 , 210.97 ,,,,,
1/28/2017, 209.87 , 209.36 , 212.16 , 212.53 , 211.61 ,,,,,
1/29/2017, 209.36 , 208.91 , 211.74 , 212.13 , 211.24 ,,,,,
1/30/2017, 209.74 , 209.37 , 212.20 , 212.63 , 211.71 ,,,,,
1/31/2017, 220.42 , 219.88 , 222.77 , 223.16 , 222.15 ,,,,,
2/1/2017, 224.42 , 223.75 , 226.68 , 227.07 , 226.05 ,,,,,
2/2/2017, 229.18 , 228.53 , 231.51 , 231.91 , 230.86 ,,,,,
2/3/2017, 233.19 , 232.67 , 235.69 , 236.05 , 234.96 ,,,,,
2/4/2017, 236.18 , 235.66 , 238.70 , 239.04 , 237.97 ,,,,,
2/5/2017, 232.89 , 232.30 , 235.31 , 235.66 , 234.59 ,,,,,
2/6/2017, 235.18 , 234.62 , 237.66 , 238.10 , 237.02 ,,,,,
2/7/2017, 240.04 , 239.50 , 242.62 , 243.00 , 241.87 ,,,,,
2/8/2017, 240.32 , 239.81 , 242.90 , 243.28 , 242.11 ,,,,,
2/9/2017, 225.42 , 224.88 , 227.79 , 228.14 , 227.07 ,,,,,
2/10/2017, 224.45 , 223.95 , 226.84 , 227.17 , 226.09 ,,,,,
2/11/2017, 227.86 , 227.41 , 230.34 , 230.68 , 229.58 ,,,,,
2/12/2017, 226.79 , 226.42 , 229.27 , 229.60 , 228.50 ,,,,,
2/13/2017, 224.82 , 224.44 , 227.18 , 227.45 , 226.32 ,,,,,
2/14/2017, 229.83 , 229.65 , 232.48 , 232.76 , 231.59 ,,,,,
2/15/2017, 230.41 , 230.35 , 233.19 , 233.54 , 232.40 ,,,,,
2/16/2017, 234.38 , 234.26 , 237.08 , 237.38 , 236.20 ,,,,,
2/17/2017, 238.07 , 237.85 , 240.65 , 240.93 , 239.71 ,,,,,
2/18/2017, 239.69 , 239.54 , 242.26 , 242.47 , 241.17 ,,,,,
2/19/2017, 238.37 , 238.26 , 241.02 , 241.23 , 239.96 ,,,,,
2/20/2017, 244.53 , 244.21 , 246.94 , 247.12 , 245.76 ,,,,,
2/21/2017, 252.07 , 251.46 , 254.17 , 254.25 , 252.77 ,,,,,
2/22/2017, 252.56 , 251.98 , 254.70 , 254.77 , 253.31 ,,,,,
2/23/2017, 263.33 , 262.84 , 265.55 , 265.60 , 264.05 ,,,,,
2/24/2017, 264.39 , 263.82 , 266.51 , 266.56 , 264.99 ,,,,,
2/25/2017, 258.76 , 258.27 , 260.96 , 261.02 , 259.50 ,,,,,
2/26/2017, 264.19 , 263.80 , 266.54 , 266.59 , 265.01 ,,,,,
2/27/2017, 268.07 , 267.58 , 270.32 , 270.40 , 268.77 ,,,,,
2/28/2017, 268.47 , 268.26 , 271.07 , 271.10 , 269.44 ,,,,,
3/1/2017, 279.82 , 279.66 , 282.51 , 282.50 , 280.72 ,,,,,
3/2/2017, 287.90 , 287.80 , 290.59 , 290.55 , 288.71 ,,,,,
3/3/2017, 293.85 , 293.88 , 296.70 , 296.67 , 294.74 ,,,,,
3/4/2017, 288.55 , 288.71 , 291.53 , 291.52 , 289.64 ,,,,,
3/5/2017, 291.60 , 292.12 , 295.02 , 295.07 , 293.19 ,,,,,
3/6/2017, 293.40 , 293.88 , 296.77 , 296.85 , 295.01 ,,,,,
3/7/2017, 282.51 , 282.80 , 285.60 , 285.67 , 283.98 ,,,,,
3/8/2017, 264.67 , 264.77 , 267.41 , 267.49 , 265.86 ,,,,,
3/9/2017, 274.47 , 274.60 , 277.29 , 277.33 , 275.67 ,,,,,
3/10/2017, 260.93 , 261.39 , 263.94 , 264.01 , 262.43 ,,,,,
3/11/2017, 276.66 , 277.24 , 280.02 , 280.08 , 278.38 ,,,,,
3/12/2017, 288.24 , 289.17 , 292.01 , 292.12 , 290.34 ,,,,,
3/13/2017, 294.91 , 296.35 , 299.36 , 299.49 , 297.67 ,,,,,
3/14/2017, 297.22 , 298.62 , 301.61 , 301.84 , 299.93 ,,,,,
3/15/2017, 304.04 , 305.80 , 308.80 , 309.11 , 307.95 ,,,,,
3/16/2017, 296.91 , 299.52 , 302.62 , 302.94 , 301.95 ,,,,,
3/17/2017, 277.44 , 279.98 , 283.07 , 283.37 , 282.46 ,,,,,
3/18/2017, 244.14 , 246.51 , 249.61 , 249.95 , 249.27 ,,,,,
3/19/2017, 263.49 , 266.59 , 269.93 , 270.30 , 269.57 ,,,,,
3/20/2017, 266.82 , 269.77 , 273.21 , 273.60 , 272.94 ,,,,,
3/21/2017, 281.71 , 284.83 , 288.36 , 288.79 , 288.14 ,,,,,
3/22/2017, 265.45 , 268.76 , 272.18 , 272.63 , 272.10 ,,,,,
3/23/2017, 264.78 , 268.02 , 271.45 , 271.89 , 271.40 ,,,,,
3/24/2017, 245.25 , 248.49 , 251.74 , 252.21 , 251.78 ,,,,,
3/25/2017, 252.60 , 255.53 , 258.87 , 259.41 , 258.99 ,,,,,
3/26/2017, 251.03 , 253.96 , 257.28 , 257.86 , 257.60 ,,,,,
3/27/2017, 269.08 , 271.82 , 275.28 , 275.83 , 275.49 ,,,,,
3/28/2017, 269.90 , 272.77 , 276.39 , 277.01 , 277.31 ,,,,,
3/29/2017, 269.13 , 272.28 , 276.01 , 276.67 , 276.91 ,,,,,
3/30/2017, 267.91 , 271.33 , 275.02 , 275.72 , 276.07 ,,,,,
3/31/2017, 279.07 , 282.60 , 286.42 , 287.12 , 287.43 ,,,,,
4/1/2017, 281.50 , 285.49 , 289.25 , 289.92 , 290.38 ,,,,,
4/2/2017, 300.40 , 303.36 , 307.00 , 307.75 , 308.06 ,,,,,
4/3/2017, 299.58 , 303.04 , 306.50 , 307.30 , 307.64 ,,,,,
4/4/2017, 300.20 , 303.77 , 307.07 , 307.80 , 308.16 ,,,,,
4/5/2017, 300.83 , 304.00 , 307.32 , 308.12 , 308.61 ,,,,,
4/6/2017, 307.76 , 310.45 , 313.77 , 314.53 , 314.94 ,,,,,
4/7/2017, 305.95 , 308.67 , 311.99 , 312.62 , 312.94 ,,,,,
4/8/2017, 309.03 , 312.22 , 315.80 , 316.51 , 316.91 ,,,,,
4/9/2017, 308.56 , 311.75 , 315.29 , 315.93 , 316.38 ,,,,,
4/10/2017, 308.26 , 311.81 , 315.43 , 316.12 , 316.60 ,,,,,
4/11/2017, 311.32 , 314.48 , 318.12 , 318.83 , 319.74 ,,,,,
4/12/2017, 316.67 , 320.08 , 323.99 , 324.73 , 325.61 ,,,,,
4/13/2017, 316.00 , 319.37 , 323.32 , 324.08 , 325.22 ,,,,,
4/14/2017, 312.20 , 315.63 , 319.64 , 320.41 , 321.41 ,,,,,
4/15/2017, 315.75 , 319.43 , 323.67 , 324.59 , 326.10 ,,,,,
4/16/2017, 317.20 , 320.86 , 325.14 , 326.22 , 327.79 ,,,,,
4/17/2017, 318.81 , 322.58 , 326.83 , 328.00 , 329.61 ,,,,,
4/18/2017, 324.89 , 329.21 , 333.51 , 334.67 , 336.45 ,,,,,
4/19/2017, 320.31 , 325.12 , 329.41 , 330.59 , 332.44 ,,,,,
4/20/2017, 325.86 , 330.34 , 334.54 , 335.71 , 337.50 ,,,,,
4/21/2017, 324.06 , 328.77 , 333.01 , 334.28 , 336.05 ,,,,,
4/22/2017, 326.81 , 331.61 , 335.82 , 337.02 , 338.79 ,,,,,
4/23/2017, 321.84 , 326.92 , 330.98 , 332.39 , 334.10 ,,,,,
4/24/2017, 332.96 , 338.77 , 342.96 , 344.36 , 346.25 ,,,,,
4/25/2017, 336.21 , 342.00 , 346.23 , 347.72 , 349.60 ,,,,,
4/26/2017, 342.90 , 349.65 , 354.04 , 355.57 , 357.50 ,,,,,
4/27/2017, 363.27 , 370.41 , 374.93 , 376.53 , 378.41 ,,,,,
4/28/2017, 375.46 , 382.73 , 387.39 , 389.11 , 391.13 ,,,,,
4/29/2017, 379.36 , 387.48 , 392.48 , 394.39 , 396.69 ,,,,,
4/30/2017, 395.55 , 404.51 , 409.49 , 411.34 , 413.90 ,,,,,
5/1/2017, 408.54 , 417.37 , 422.16 , 423.80 , 426.09 ,,,,,
5/2/2017, 414.99 , 423.45 , 428.21 , 429.77 , 432.05 ,,,,,
5/3/2017, 431.80 , 440.37 , 445.36 , 446.96 , 449.37 ,,,,,
5/4/2017, 471.13 , 481.06 , 486.41 , 488.11 , 490.54 ,,,,,
5/5/2017, 479.32 , 490.39 , 496.04 , 497.83 , 500.80 ,,,,,
5/6/2017, 491.45 , 502.15 , 508.40 , 510.79 , 514.96 ,,,,,
5/7/2017, 504.09 , 517.44 , 523.66 , 526.13 , 531.50 ,,,,,
5/8/2017, 538.92 , 551.98 , 558.35 , 561.68 , 567.42 ,,,,,
5/9/2017, 540.37 , 551.93 , 557.57 , 560.45 , 565.39 ,,,,,
5/10/2017, 549.21 , 561.08 , 566.79 , 570.09 , 575.40 ,,,,,
5/11/2017, 561.38 , 572.85 , 578.53 , 581.75 , 587.05 ,,,,,
5/12/2017, 536.41 , 549.51 , 555.25 , 558.51 , 564.05 ,,,,,
5/13/2017, 558.63 , 570.50 , 576.53 , 579.76 , 585.52 ,,,,,
5/14/2017, 560.28 , 573.43 , 579.40 , 583.17 , 589.30 ,,,,,
5/15/2017, 554.03 , 565.73 , 571.17 , 575.02 , 581.30 ,,,,,
5/16/2017, 557.11 , 567.14 , 572.37 , 575.72 , 583.32 ,,,,,
5/17/2017, 585.45 , 595.40 , 601.54 , 605.31 , 613.94 ,,,,,
5/18/2017, 606.25 , 624.18 , 630.66 , 635.05 , 644.31 ,,,,,
5/19/2017, 670.15 , 689.34 , 696.12 , 700.92 , 711.04 ,,,,,
5/20/2017, 691.78 , 711.00 , 718.44 , 723.56 , 735.17 ,,,,,
5/21/2017, 717.74 , 740.35 , 748.82 , 754.04 , 766.07 ,,,,,
5/22/2017, 765.23 , 789.06 , 799.05 , 804.12 , 816.20 ,,,,,
5/23/2017, 815.57 , 847.95 , 859.82 , 866.17 , 879.48 ,,,,,
5/24/2017, 850.88 , 889.64 , 901.59 , 908.97 , 922.55 ,,,,,
5/25/2017, 788.55 , 821.13 , 833.25 , 839.25 , 851.42 ,,,,,
5/26/2017, 750.91 , 780.06 , 791.31 , 797.05 , 808.08 ,,,,,
5/27/2017, 698.94 , 729.84 , 740.43 , 745.78 , 756.52 ,,,,,
5/28/2017, 743.44 , 775.33 , 786.91 , 792.73 , 803.90 ,,,,,
5/29/2017, 792.72 , 826.19 , 839.00 , 845.07 , 856.71 ,,,,,
5/30/2017, 801.34 , 834.12 , 848.25 , 854.20 , 865.38 ,,,,,
5/31/2017, 840.50 , 874.28 , 888.28 , 894.72 , 906.51 ,,,,,
6/1/2017, 895.59 , 931.74 , 947.83 , 954.83 , 967.88 ,,,,,
6/2/2017, 902.97 , 947.06 , 964.18 , 972.84 , 987.83 ,,,,,
6/3/2017, 902.73 , 944.82 , 962.63 , 972.71 , 989.90 ,,,,,
6/4/2017, 930.66 , 973.25 , 991.63 ," 1,001.69 "," 1,019.24 ",,,,,
6/5/2017, 968.02 ," 1,013.75 "," 1,033.50 "," 1,045.23 "," 1,064.85 ",,,,,
6/6/2017," 1,015.80 "," 1,062.66 "," 1,083.22 "," 1,096.87 "," 1,117.82 ",,,,,
6/7/2017, 979.27 ," 1,024.31 "," 1,044.55 "," 1,057.06 "," 1,077.69 ",,,,,
6/8/2017," 1,002.85 "," 1,050.14 "," 1,071.73 "," 1,086.48 "," 1,109.26 ",,,,,
6/9/2017," 1,026.91 "," 1,072.22 "," 1,093.80 "," 1,110.78 "," 1,135.24 ",,,,,
6/10/2017," 1,100.74 "," 1,146.01 "," 1,167.41 "," 1,184.85 "," 1,208.47 ",,,,,
6/11/2017," 1,116.73 "," 1,169.83 "," 1,192.37 "," 1,210.49 "," 1,234.54 ",,,,,
6/12/2017," 1,103.59 "," 1,149.70 "," 1,169.88 "," 1,186.48 "," 1,208.54 ",,,,,
6/13/2017," 1,121.38 "," 1,172.17 "," 1,194.08 "," 1,211.88 "," 1,236.11 ",,,,,
6/14/2017," 1,046.70 "," 1,092.49 "," 1,113.39 "," 1,129.43 "," 1,151.62 ",,,,,
6/15/2017," 1,029.16 "," 1,074.61 "," 1,095.05 "," 1,111.08 "," 1,132.92 ",,,,,
6/16/2017," 1,049.18 "," 1,099.34 "," 1,119.92 "," 1,136.35 "," 1,158.77 ",,,,,
6/17/2017," 1,098.12 "," 1,156.56 "," 1,177.78 "," 1,194.70 "," 1,217.57 ",,,,,
6/18/2017," 1,074.49 "," 1,132.14 "," 1,152.75 "," 1,169.22 "," 1,192.55 ",,,,,
6/19/2017," 1,088.75 "," 1,149.03 "," 1,170.42 "," 1,188.46 "," 1,213.02 ",,,,,
6/20/2017," 1,120.91 "," 1,178.58 "," 1,199.68 "," 1,217.44 "," 1,242.38 ",,,,,
6/21/2017," 1,078.35 "," 1,134.60 "," 1,154.88 "," 1,171.92 "," 1,196.74 ",,,,,
6/22/2017," 1,080.89 "," 1,137.31 "," 1,157.81 "," 1,175.21 "," 1,200.69 ",,,,,
6/23/2017," 1,107.63 "," 1,167.62 "," 1,188.97 "," 1,207.05 "," 1,233.70 ",,,,,
6/24/2017," 1,054.47 "," 1,111.22 "," 1,131.41 "," 1,148.41 "," 1,173.84 ",,,,,
6/25/2017," 1,025.11 "," 1,079.38 "," 1,097.93 "," 1,114.04 "," 1,138.00 ",,,,,
6/26/2017, 957.72 ," 1,008.47 "," 1,025.03 "," 1,040.10 "," 1,062.12 ",,,,,
6/27/2017, 993.24 ," 1,044.92 "," 1,061.89 "," 1,077.04 "," 1,099.95 ",,,,,
6/28/2017," 1,036.58 "," 1,091.01 "," 1,109.00 "," 1,125.26 "," 1,148.95 ",,,,,
6/29/2017, 996.02 ," 1,048.21 "," 1,064.94 "," 1,080.06 "," 1,102.60 ",,,,,
6/30/2017, 974.67 ," 1,025.38 "," 1,041.36 "," 1,055.92 "," 1,077.53 ",,,,,
7/1/2017, 937.53 , 984.28 , 998.44 ," 1,013.75 "," 1,033.54 ",,,,,
7/2/2017, 970.34 ," 1,018.56 "," 1,033.24 "," 1,048.45 "," 1,068.79 ",,,,,
7/3/2017, 978.82 ," 1,030.53 "," 1,045.26 "," 1,060.86 "," 1,081.46 ",,,,,
7/4/2017, 977.53 ," 1,031.29 "," 1,046.48 "," 1,062.85 "," 1,083.96 ",,,,,
7/5/2017, 971.78 ," 1,025.89 "," 1,040.69 "," 1,056.99 "," 1,078.20 ",,,,,
7/6/2017, 973.47 ," 1,026.74 "," 1,041.67 "," 1,058.07 "," 1,078.61 ",,,,,
7/7/2017, 916.75 , 963.53 , 974.67 , 988.75 ," 1,006.58 ",,,,,
7/8/2017, 934.87 , 983.90 , 996.01 ," 1,010.41 "," 1,028.85 ",,,,,
7/9/2017, 910.15 , 956.74 , 966.94 , 980.84 , 997.21 ,,,,,
7/10/2017, 833.64 , 871.93 , 878.36 , 888.78 , 901.20 ,,,,,
7/11/2017, 793.90 , 827.99 , 833.43 , 843.34 , 854.68 ,,,,,
7/12/2017, 867.01 , 906.43 , 916.51 , 929.73 , 943.03 ,,,,,
7/13/2017, 828.47 , 864.92 , 872.91 , 885.59 , 898.25 ,,,,,
7/14/2017, 785.98 , 818.78 , 825.34 , 836.77 , 847.86 ,,,,,
7/15/2017, 692.27 , 722.13 , 728.70 , 738.37 , 748.85 ,,,,,
7/16/2017, 651.54 , 680.51 , 687.02 , 696.33 , 706.09 ,,,,,
7/17/2017, 769.47 , 807.77 , 816.11 , 827.75 , 840.55 ,,,,,
7/18/2017, 846.61 , 885.59 , 894.43 , 906.84 , 920.13 ,,,,,
7/19/2017, 782.15 , 818.87 , 827.19 , 838.45 , 851.00 ,,,,,
7/20/2017, 926.08 , 971.01 , 982.14 , 995.56 ," 1,009.91 ",,,,,
7/21/2017, 886.48 , 930.14 , 943.21 , 956.80 , 971.70 ,,,,,
7/22/2017, 932.33 , 982.59 , 998.27 ," 1,013.57 "," 1,031.49 ",,,,,
7/23/2017, 913.25 , 961.32 , 976.10 , 991.01 ," 1,008.22 ",,,,,
7/24/2017, 914.22 , 963.93 , 978.17 , 994.37 ," 1,011.37 ",,,,,
7/25/2017, 849.96 , 895.55 , 906.76 , 920.23 , 934.41 ,,,,,
7/26/2017, 835.76 , 883.18 , 894.59 , 907.62 , 922.03 ,,,,,
7/27/2017, 859.32 , 908.03 , 919.62 , 933.04 , 947.20 ,,,,,
7/28/2017, 859.70 , 906.44 , 916.49 , 930.17 , 943.41 ,,,,,
7/29/2017, 868.91 , 916.43 , 927.96 , 941.12 , 954.58 ,,,,,
7/30/2017, 858.71 , 902.58 , 912.93 , 925.72 , 939.04 ,,,,,
7/31/2017, 888.67 , 933.02 , 943.27 , 956.20 , 968.85 ,,,,,
8/1/2017, 889.67 , 938.10 , 948.30 , 962.72 , 977.11 ,,,,,
8/2/2017, 882.92 , 930.90 , 942.36 , 956.99 , 971.10 ,,,,,
8/3/2017, 908.89 , 959.49 , 973.06 , 987.84 ," 1,001.78 ",,,,,
8/4/2017, 924.61 , 977.17 , 990.94 ," 1,005.78 "," 1,020.14 ",,,,,
8/5/2017," 1,037.03 "," 1,092.35 "," 1,108.47 "," 1,124.10 "," 1,139.19 ",,,,,
8/6/2017," 1,033.04 "," 1,087.35 "," 1,103.74 "," 1,120.14 "," 1,134.15 ",,,,,
8/7/2017," 1,075.66 "," 1,132.71 "," 1,151.62 "," 1,167.88 "," 1,181.13 ",,,,,
8/8/2017," 1,119.70 "," 1,179.90 "," 1,199.19 "," 1,214.99 "," 1,229.22 ",,,,,
8/9/2017," 1,098.60 "," 1,157.28 "," 1,177.96 "," 1,192.99 "," 1,206.31 ",,,,,
8/10/2017," 1,105.13 "," 1,164.26 "," 1,189.83 "," 1,205.11 "," 1,216.89 ",,,,,
8/11/2017," 1,171.51 "," 1,232.29 "," 1,257.45 "," 1,273.01 "," 1,285.94 ",,,,,
8/12/2017," 1,214.72 "," 1,274.83 "," 1,299.76 "," 1,314.69 "," 1,326.33 ",,,,,
8/13/2017," 1,233.22 "," 1,292.44 "," 1,318.90 "," 1,332.58 "," 1,341.84 ",,,,,
8/14/2017," 1,283.43 "," 1,344.19 "," 1,371.23 "," 1,384.26 "," 1,391.60 ",,,,,
8/15/2017," 1,237.81 "," 1,298.03 "," 1,325.06 "," 1,338.13 "," 1,347.63 ",,,,,
8/16/2017," 1,287.85 "," 1,352.98 "," 1,379.81 "," 1,392.32 "," 1,401.21 ",,,,,
8/17/2017," 1,275.38 "," 1,339.88 "," 1,365.05 "," 1,377.85 "," 1,385.73 ",,,,,
8/18/2017," 1,241.72 "," 1,302.80 "," 1,326.60 "," 1,338.44 "," 1,345.71 ",,,,,
8/19/2017," 1,247.17 "," 1,317.57 "," 1,342.14 "," 1,353.90 "," 1,362.92 ",,,,,
8/20/2017," 1,236.40 "," 1,306.98 "," 1,331.25 "," 1,345.33 "," 1,356.45 ",,,,,
8/21/2017," 1,262.41 "," 1,336.16 "," 1,359.31 "," 1,371.77 "," 1,381.41 ",,,,,
8/22/2017," 1,300.36 "," 1,375.98 "," 1,398.59 "," 1,410.52 "," 1,420.00 ",,,,,
8/23/2017," 1,321.48 "," 1,398.88 "," 1,423.72 "," 1,435.67 "," 1,445.10 ",,,,,
8/24/2017," 1,352.76 "," 1,432.11 "," 1,457.84 "," 1,470.08 "," 1,480.48 ",,,,,
8/25/2017," 1,367.11 "," 1,449.82 "," 1,473.72 "," 1,486.68 "," 1,497.60 ",,,,,
8/26/2017," 1,362.90 "," 1,455.82 "," 1,482.77 "," 1,495.88 "," 1,509.25 ",,,,,
8/27/2017," 1,385.82 "," 1,477.69 "," 1,504.36 "," 1,516.55 "," 1,531.22 ",,,,,
8/28/2017," 1,399.12 "," 1,491.27 "," 1,518.03 "," 1,530.56 "," 1,545.01 ",,,,,
8/29/2017," 1,458.83 "," 1,549.37 "," 1,576.50 "," 1,588.58 "," 1,601.95 ",,,,,
8/30/2017," 1,471.01 "," 1,563.43 "," 1,589.53 "," 1,601.15 "," 1,617.20 ",,,,,
8/31/2017," 1,526.49 "," 1,621.23 "," 1,647.86 "," 1,659.83 "," 1,675.68 ",,,,,
9/1/2017," 1,578.09 "," 1,670.83 "," 1,703.16 "," 1,715.03 "," 1,731.87 ",,,,,
9/2/2017," 1,457.50 "," 1,539.64 "," 1,568.10 "," 1,577.49 "," 1,591.98 ",,,,,
9/3/2017," 1,462.16 "," 1,547.02 "," 1,570.12 "," 1,580.64 "," 1,595.19 ",,,,,
9/4/2017," 1,309.12 "," 1,377.24 "," 1,389.35 "," 1,397.83 "," 1,408.84 ",,,,,
9/5/2017," 1,366.90 "," 1,440.18 "," 1,455.40 "," 1,464.22 "," 1,476.26 ",,,,,
9/6/2017," 1,457.40 "," 1,535.37 "," 1,551.77 "," 1,561.38 "," 1,574.88 ",,,,,
9/7/2017," 1,452.65 "," 1,533.87 "," 1,564.98 "," 1,574.63 "," 1,588.45 ",,,,,
9/8/2017," 1,325.92 "," 1,399.56 "," 1,423.89 "," 1,432.38 "," 1,444.11 ",,,,,
9/9/2017," 1,315.58 "," 1,387.29 "," 1,412.18 "," 1,420.95 "," 1,432.51 ",,,,,
9/10/2017," 1,287.94 "," 1,356.50 "," 1,378.52 "," 1,387.01 "," 1,397.54 ",,,,,
9/11/2017," 1,304.78 "," 1,374.33 "," 1,398.48 "," 1,406.88 "," 1,417.43 ",,,,,
9/12/2017," 1,287.85 "," 1,358.75 "," 1,382.29 "," 1,391.20 "," 1,402.34 ",,,,,
9/13/2017," 1,220.95 "," 1,288.17 "," 1,310.23 "," 1,317.79 "," 1,328.02 ",,,,,
9/14/2017, 967.60 ," 1,017.45 "," 1,029.69 "," 1,034.67 "," 1,042.63 ",,,,,
9/15/2017," 1,117.16 "," 1,178.39 "," 1,190.71 "," 1,197.42 "," 1,206.47 ",,,,,
9/16/2017," 1,112.42 "," 1,175.40 "," 1,186.49 "," 1,192.62 "," 1,201.41 ",,,,,
9/17/2017," 1,107.49 "," 1,170.84 "," 1,181.19 "," 1,187.41 "," 1,196.10 ",,,,,
9/18/2017," 1,260.96 "," 1,332.73 "," 1,346.10 "," 1,354.02 "," 1,363.12 ",,,,,
9/19/2017," 1,228.88 "," 1,296.85 "," 1,307.98 "," 1,314.69 "," 1,322.02 ",,,,,
9/20/2017," 1,216.38 "," 1,284.96 "," 1,294.63 "," 1,300.99 "," 1,308.37 ",,,,,
9/21/2017," 1,120.37 "," 1,182.67 "," 1,190.33 "," 1,195.42 "," 1,201.41 ",,,,,
9/22/2017," 1,128.42 "," 1,193.09 "," 1,201.51 "," 1,207.38 "," 1,214.12 ",,,,,
9/23/2017," 1,186.88 "," 1,254.63 "," 1,263.20 "," 1,269.63 "," 1,276.71 ",,,,,
9/24/2017," 1,159.87 "," 1,224.92 "," 1,233.34 "," 1,239.50 "," 1,246.40 ",,,,,
9/25/2017," 1,224.10 "," 1,296.49 "," 1,307.95 "," 1,314.94 "," 1,322.49 ",,,,,
9/26/2017," 1,214.18 "," 1,284.56 "," 1,296.56 "," 1,304.53 "," 1,312.41 ",,,,,
9/27/2017," 1,303.94 "," 1,379.97 "," 1,392.45 "," 1,401.78 "," 1,411.49 ",,,,,
9/28/2017," 1,284.57 "," 1,359.97 "," 1,374.88 "," 1,384.10 "," 1,395.25 ",,,,,
9/29/2017," 1,269.46 "," 1,342.84 "," 1,356.76 "," 1,365.20 "," 1,375.50 ",,,,,
9/30/2017," 1,313.92 "," 1,390.25 "," 1,408.68 "," 1,416.38 "," 1,426.37 ",,,,,
10/1/2017," 1,327.08 "," 1,403.36 "," 1,421.28 "," 1,427.97 "," 1,438.13 ",,,,,
10/2/2017," 1,321.84 "," 1,395.39 "," 1,412.08 "," 1,418.09 "," 1,426.80 ",,,,,
10/3/2017," 1,296.08 "," 1,366.46 "," 1,384.15 "," 1,389.94 "," 1,397.73 ",,,,,
10/4/2017," 1,275.36 "," 1,344.38 "," 1,360.84 "," 1,366.39 "," 1,373.55 ",,,,,
10/5/2017," 1,304.94 "," 1,373.19 "," 1,389.41 "," 1,394.97 "," 1,402.80 ",,,,,
10/6/2017," 1,327.15 "," 1,394.28 "," 1,410.30 "," 1,415.93 "," 1,424.02 ",,,,,
10/7/2017," 1,341.59 "," 1,411.60 "," 1,427.13 "," 1,432.81 "," 1,440.87 ",,,,,
10/8/2017," 1,383.86 "," 1,446.33 "," 1,458.88 "," 1,462.36 "," 1,467.88 ",,,,,
10/9/2017," 1,383.49 "," 1,440.47 "," 1,453.59 "," 1,456.02 "," 1,461.22 ",,,,,
10/10/2017," 1,393.54 "," 1,453.48 "," 1,467.69 "," 1,470.03 "," 1,476.92 ",,,,,
10/11/2017," 1,405.08 "," 1,466.58 "," 1,483.03 "," 1,485.63 "," 1,493.27 ",,,,,
10/12/2017," 1,516.17 "," 1,568.26 "," 1,581.93 "," 1,581.28 "," 1,586.23 ",,,,,
10/13/2017," 1,598.54 "," 1,653.76 "," 1,666.01 "," 1,664.73 "," 1,668.60 ",,,,,
10/14/2017," 1,633.25 "," 1,688.19 "," 1,698.72 "," 1,696.55 "," 1,700.60 ",,,,,
10/15/2017," 1,605.05 "," 1,657.98 "," 1,668.52 "," 1,666.71 "," 1,670.57 ",,,,,
10/16/2017," 1,605.55 "," 1,661.28 "," 1,672.81 "," 1,671.11 "," 1,677.73 ",,,,,
10/17/2017," 1,571.33 "," 1,629.84 "," 1,642.82 "," 1,641.66 "," 1,648.63 ",,,,,
10/18/2017," 1,552.07 "," 1,609.12 "," 1,621.66 "," 1,621.34 "," 1,627.99 ",,,,,
10/19/2017," 1,560.05 "," 1,614.69 "," 1,627.39 "," 1,626.63 "," 1,632.85 ",,,,,
10/20/2017," 1,602.72 "," 1,652.49 "," 1,663.24 "," 1,660.72 "," 1,665.33 ",,,,,
10/21/2017," 1,598.73 "," 1,645.52 "," 1,655.32 "," 1,652.38 "," 1,657.25 ",,,,,
10/22/2017," 1,587.13 "," 1,635.11 "," 1,645.12 "," 1,642.65 "," 1,647.53 ",,,,,
10/23/2017," 1,553.94 "," 1,601.18 "," 1,610.31 "," 1,608.56 "," 1,612.63 ",,,,,
10/24/2017," 1,513.48 "," 1,571.87 "," 1,584.92 "," 1,585.44 "," 1,592.41 ",,,,,
10/25/2017," 1,551.23 "," 1,605.34 "," 1,616.98 "," 1,618.11 "," 1,623.88 ",,,,,
10/26/2017," 1,575.49 "," 1,625.94 "," 1,637.37 "," 1,637.87 "," 1,642.68 ",,,,,
10/27/2017," 1,564.14 "," 1,614.60 "," 1,625.08 "," 1,626.14 "," 1,630.84 ",,,,,
10/28/2017," 1,571.67 "," 1,618.59 "," 1,628.17 "," 1,628.29 "," 1,632.23 ",,,,,
10/29/2017," 1,658.23 "," 1,703.89 "," 1,713.05 "," 1,711.76 "," 1,715.47 ",,,,,
10/30/2017," 1,656.52 "," 1,703.55 "," 1,712.77 "," 1,711.30 "," 1,715.54 ",,,,,
10/31/2017," 1,705.99 "," 1,746.41 "," 1,753.62 "," 1,749.88 "," 1,753.97 ",,,,,
11/1/2017," 1,758.66 "," 1,794.34 "," 1,796.21 "," 1,790.70 "," 1,793.60 ",,,,,
11/2/2017," 1,824.97 "," 1,856.69 "," 1,856.58 "," 1,849.56 "," 1,851.85 ",,,,,
11/3/2017," 1,877.59 "," 1,912.48 "," 1,916.13 "," 1,908.71 "," 1,911.92 ",,,,,
11/4/2017," 1,899.25 "," 1,933.09 "," 1,933.93 "," 1,926.19 "," 1,928.55 ",,,,,
11/5/2017," 1,899.64 "," 1,933.99 "," 1,934.85 "," 1,926.67 "," 1,928.68 ",,,,,
11/6/2017," 1,832.44 "," 1,871.94 "," 1,877.24 "," 1,870.73 "," 1,873.05 ",,,,,
11/7/2017," 1,857.43 "," 1,897.34 "," 1,902.61 "," 1,897.23 "," 1,900.15 ",,,,,
11/8/2017," 1,936.25 "," 1,983.82 "," 1,993.52 "," 1,988.80 "," 1,994.34 ",,,,,
11/9/2017," 1,899.00 "," 1,952.38 "," 1,967.33 "," 1,965.15 "," 1,972.91 ",,,,,
11/10/2017," 1,818.88 "," 1,866.02 "," 1,879.29 "," 1,875.71 "," 1,880.78 ",,,,,
11/11/2017," 1,818.99 "," 1,868.65 "," 1,889.19 "," 1,886.03 "," 1,891.68 ",,,,,
