,MktCapBTC,MktCapUSD,Names,PricesBTC,PricesUSD,Rank,TotalSupply,Vol24BTC,Vol24USD,CirculatingSupply
ripple,21296829.1138,3.1597717673e+11,ripple,0.000212983,3.15999,1,99993093880.0,392678.0,5826100000.0,38739144847.0
bitcoin,16780087.0,2.52296998088e+11,bitcoin,1.0,15035.5,2,16780087.0,1109900.0,16467500000.0,16780087.0
stellar,6291703.70915,93348964355.8,stellar,6.0748e-05,0.901308,3,1.03570548975e+11,95692.0,1419770000.0,17877208352.2
ethereum,6127175.65212,90907867379.6,ethereum,0.0633299,939.615,4,96750123.5928,319410.0,4739030000.0,96750123.5928
solarcoin,5418945.91347,80400017032.8,solarcoin,5.5276e-05,0.820121,5,98034335217.3,208.593,3094860.0,38461285.9156
bitcoin-cash,2988217.34325,44335513755.0,bitcoin-cash,0.176905,2624.7,7,16891650.0,241369.0,3581150000.0,16891650.0
cardano,2273880.76449,33737132873.7,cardano,7.30858e-05,1.08436,8,31112483745.0,42691.8,633412000.0,25927070538.0
nem,914858.999898,13573619998.5,nem,0.000101651,1.50818,9,8999999999.0,13077.9,194035000.0,8999999999.0
litecoin,902026.13374,13383244782.0,litecoin,0.0165206,245.114,10,54600083.1531,163540.0,2426410000.0,54600083.1531
iota,762822.629457,11317858178.1,iota,0.000274443,4.07186,11,2779530283.0,13902.2,206264000.0,2779530283.0
neo,648522.0,9622010000.0,neo,0.00648522,96.2201,12,100000000.0,17816.1,264334000.0,65000000.0
dash,607560.539495,9014269141.53,dash,0.0779284,1156.21,13,7796394.37605,13428.0,199229000.0,7796394.37605
monero,422773.139802,6272608347.42,monero,0.0271722,403.149,15,15559032.3861,11807.2,175181000.0,15559032.3861
qtum,394523.02108,5853469843.52,qtum,0.00393417,58.3706,16,100281132.0,43512.2,645583000.0,73781132.0
bitcoin-gold,307553.209348,4563122288.86,bitcoin-gold,0.0182598,270.918,18,16843186.089,7155.39,106163000.0,16743186.089
bitconnect,273109.213844,4052073524.73,bitconnect,0.0289382,429.351,19,9437671.10063,1830.73,27162200.0,6159328.43604
raiblocks,243633.836977,3614746265.15,raiblocks,0.00182842,27.1279,20,133248289.221,4500.96,66780000.0,133248289.221
ethereum-classic,220820.822735,3276280579.62,ethereum-classic,0.00223384,33.1431,21,98852569.0,44780.0,664394000.0,98852569.0
vechain,181458.984025,2692271156.45,vechain,0.000209256,3.10469,22,867162633.45,13763.5,204206000.0,277162633.45
lisk,162703.961274,2414016261.02,lisk,0.00139514,20.6995,23,116621960.0,5079.2,75359300.0,116621960.0
e-coin,152838.993783,2267643640.94,e-coin,0.000716879,10.6362,24,213200545.396,0.258868,3840.78,4911653.39559
bitshares,152040.706786,2255801268.53,bitshares,5.83298e-05,0.865429,25,2606570000.0,5957.72,88393700.0,2606570000.0
verge,144747.10292,2147582401.61,verge,1.00331e-05,0.148859,26,14426957064.1,25018.3,371193000.0,14426957064.1
steem,143378.209698,2127280286.64,steem,0.000544789,8.08295,27,263181176.011,6199.25,91977100.0,246207082.011
zcash,114729.591614,1702221227.5,zcash,0.0385258,571.6,29,2977993.75,10054.8,149181000.0,2977993.75
stratis,103122.396773,1530014847.68,stratis,0.00104495,15.5038,32,98686441.239,3269.94,48515500.0,98686441.239
firstcoin,102270.52,1517373000.0,firstcoin,0.000929732,13.7943,33,110000000.0,24.6937,366376.0,1869936.2
kucoin-shares,98120.0969428,1455790909.72,kucoin-shares,0.000541971,8.04113,34,181043076.0,1082.89,16066600.0,91043076.0001
waves,85422.1,1267390000.0,waves,0.000854221,12.6739,35,100000000.0,3517.38,52186800.0,100000000.0
skycoin,80947.25,1201000000.0,skycoin,0.00323789,48.04,36,25000000.0,102.525,1521150.0,6833835.55
bytecoin-bcn,75792.1958871,1124516989.79,bytecoin-bcn,4.13592e-07,0.0061364,37,1.83253534612e+11,656.194,9735840.0,1.83253534612e+11
hshare,71607.6919452,1062428260.77,hshare,0.00168678,25.0264,38,42452300.8011,15592.8,231348000.0,42452300.8011
dogecoin,68951.2311094,1023017677.76,dogecoin,6.12244e-07,0.00908376,39,1.12620509322e+11,4468.88,66304000.0,1.12620509322e+11
komodo,68563.9562618,1017271449.29,komodo,0.000659968,9.79183,40,103889819.297,772.381,11459700.0,103889819.297
siacoin,64554.5580327,957786533.257,siacoin,2.05613e-06,0.0305065,42,31396146174.0,2273.38,33729800.0,31396146174.0
ark,64175.3510154,952158008.132,ark,0.000496593,7.36786,43,129231284.0,1322.9,19627600.0,97981284.0
byteball,53500.7,793781000.0,byteball,0.0535007,793.781,44,1000000.0,185.038,2745380.0,645222.052938
gxshares,52728.8,782328000.0,gxshares,0.000527288,7.82328,45,100000000.0,1762.08,26143700.0,40510000.0
decred,47569.8297589,705784807.91,decred,0.00688854,102.204,46,6905647.60586,401.965,5963880.0,6485647.60586
digibyte,46417.8849938,688693316.801,digibyte,4.81278e-06,0.0714063,47,9644713656.94,3405.6,50528200.0,9644713656.94
nxt,43608.8449467,647016298.117,nxt,4.36525e-05,0.647664,48,998999941.508,5479.03,81291400.0,998999941.508
pivx,40936.0368601,607358629.728,pivx,0.00074068,10.9893,49,55268181.7521,384.924,5711050.0,55268181.7521
factom,39420.3837364,584873296.27,factom,0.00450771,66.8801,50,8745102.0,3409.26,50582600.0,8745102.0
monacoin,37163.9021955,551394883.21,monacoin,0.000658159,9.765,52,56466449.8935,770.949,11438400.0,56466449.8935
reddcoin,35107.600991,520884722.2,reddcoin,1.22279e-06,0.0181423,54,28711063216.9,8079.84,119879000.0,28711063216.9
xtrabytes,33703.02,500045650.0,xtrabytes,5.18508e-05,0.769301,55,650000000.0,743.479,11030900.0,430000000.0
library-credit,33127.7787711,491510998.088,library-credit,6.43474e-05,0.954711,56,514826998.0,579.882,8603610.0,127926995.001
cryptonex,33023.0708774,489956970.93,cryptonex,0.000310126,4.60128,57,106482755.001,15.4115,228658.0,45045129.3078
smartcash,32984.2442226,489381009.127,smartcash,2.8752e-05,0.426588,58,1147198254.82,69.2236,1027060.0,546153975.62
experience-points,32064.9445852,475742049.474,experience-points,1.30935e-07,0.00194266,59,2.4489208069e+11,1066.61,15825200.0,2.06870844449e+11
bitcoindark,32016.1099698,475017891.115,bitcoindark,0.0248406,368.556,60,1288862.18408,35.5355,527235.0,1288862.18408
zcoin,31274.3165261,464012470.583,zcoin,0.0082227,121.999,61,3803412.08193,959.636,14238000.0,3803412.08193
bitcore,31127.1326002,461828630.703,bitcore,0.00186057,27.605,62,16729890.625,442.029,6558310.0,2185469.45314
harmonycoin-hmc,30855.779911,457800689.685,harmonycoin-hmc,9.19269e-07,0.013639,63,33565561235.0,0.328584,4875.15,561235.032413
electroneum,30488.7071383,452355624.122,electroneum,5.86856e-06,0.0870708,64,5195262064.0,384.927,5711090.0,4997507466.0
syscoin,28515.5953868,423080855.461,syscoin,5.38037e-05,0.798276,65,529993204.682,1040.9,15443700.0,529993204.682
achain,26744.0,396796000.0,achain,2.6744e-05,0.396796,67,1000000000.0,283.445,4205430.0,300000000.0
procurrency,22266.760457,330369048.721,procurrency,1.4841e-06,0.0220194,69,15003544543.5,0.284078,4214.81,96359748.68
bitbay,22039.8355039,327001263.138,bitbay,2.18482e-05,0.324158,70,1008771226.19,2899.51,43019600.0,1008771226.19
vertcoin,20340.5623878,301789415.081,vertcoin,0.000480565,7.13006,72,42326350.0,980.606,14549100.0,42326350.0
gamecredits,19332.4764515,286832447.418,gamecredits,0.000300402,4.45701,73,64355352.0,598.104,8873970.0,64355352.0
lykke,18398.481038,272973843.73,lykke,1.43102e-05,0.212317,74,1285690000.0,10.6474,157974.0,265192497.24
hollywoodcoin,17826.6427334,264491438.116,hollywoodcoin,0.000880267,13.0604,75,20251404.1006,26.9836,400351.0,896126.100622
ubiq,17147.686923,254417242.037,ubiq,0.00043953,6.52123,76,39013689.4477,546.99,8115600.0,39013689.4477
straks,16541.8890752,245429172.938,straks,0.000395964,5.87485,77,41776245.0,17.3657,257652.0,781587.000497
capricoin,16019.1023358,237672594.763,capricoin,7.9699e-05,1.18248,78,200995022.971,51.4029,762656.0,1990045.0
blocknet,15097.5434488,223999500.61,blocknet,0.0030469,45.2063,79,4955050.52636,56.06,831753.0,4955050.52636
bridgecoin,14669.181,217644030.0,bridgecoin,0.000543303,8.06089,80,27000000.0,31.4603,466771.0,27000000.0
nav-coin,14134.2981179,209707635.485,nav-coin,0.000227041,3.36856,82,62254386.2912,548.252,8134320.0,62254386.2912
einsteinium,14110.5764284,209355946.397,einsteinium,6.52523e-05,0.968136,83,216246422.4,687.106,10194500.0,216246422.4
clams,13809.9194115,204895088.875,clams,0.000836211,12.4067,84,16514874.1305,219.667,3259160.0,2797742.59519
russian-mining-coin,13670.10317,202821083.6,russian-mining-coin,1.27081,18854.8,85,10757.0,2.02541,30050.7,1507.0
zephyr,13194.5,195764600.0,zephyr,6.59725e-06,0.0978823,86,2000000000.0,2.30127,34143.5,125990535.381
zclassic,13102.807216,194403286.6,zclassic,0.00723992,107.417,87,1809800.0,1942.89,28826300.0,1809800.0
decent,12557.151499,186308100.774,decent,0.000171551,2.54527,88,73197775.0,169.65,2517060.0,51306089.0
nexus,12373.4073253,183581857.378,nexus,0.000225837,3.3507,89,54789105.9714,99.1446,1470990.0,54789105.9714
iticoin,12254.4896764,181817846.83,iticoin,0.00122545,18.1818,90,9999991.57566,0.0500488,742.566,32000.0
particl,11783.5046367,174829859.346,particl,0.00133542,19.8134,91,8823819.20045,76.3529,1132830.0,7827819.20045
metaverse,11467.6284819,170143805.998,metaverse,0.000203774,3.02337,92,56276210.3209,451.522,6699150.0,36876210.3211
zencash,10354.0662172,153621318.165,zencash,0.00354649,52.6186,93,2919525.0,258.685,3838070.0,2919525.0
cloakcoin,10295.9898228,152759494.419,cloakcoin,0.00203732,30.2273,94,5053693.0,292.117,4334080.0,5053693.0
kilocoin,10191.1037147,151203878.478,kilocoin,1.01655e-06,0.0150824,95,10025186872.0,0.416458,6178.92,196297971.01
minexcoin,9906.84,146986200.0,minexcoin,0.00165114,24.4977,96,6000000.0,16.1743,239975.0,3000000.0
colossuscoinxt,9893.02251302,146780814.641,colossuscoinxt,8.10579e-07,0.0120264,97,12204883809.0,120.795,1792220.0,4027031669.48
digitalnote,9698.29590451,143891761.398,digitalnote,1.40847e-06,0.0208972,98,6885695758.17,672.67,9980290.0,6885695758.17
asch,9646.29973548,143120083.493,asch,8.52806e-05,1.26529,99,113112475.0,334.891,4968710.0,91612475.0
peercoin,9313.75897556,138186820.174,peercoin,0.000379338,5.62818,100,24552665.3685,276.425,4101280.0,24552665.3685
rise,9290.4819776,137840881.536,rise,8.21155e-05,1.21833,101,113139200.0,593.739,8809210.0,113139200.0
deeponion,9185.55098246,136284573.228,deeponion,0.000476656,7.07207,102,19270817.9116,41.5053,615807.0,4702953.34158
paccoin,8876.12401247,131693723.204,paccoin,2.61447e-09,3.87905e-05,103,3.39499937367e+12,208.321,3090820.0,3.39499937367e+12
emercoin,8746.8368356,129775038.221,emercoin,0.000212618,3.15457,104,41138741.0078,167.18,2480420.0,41138741.0078
hempcoin,8536.38084991,126652765.142,hempcoin,3.707e-05,0.550001,105,230277336.118,427.1,6336810.0,230277336.118
gulden,8504.16669003,126174630.603,gulden,1.84407e-05,0.273601,106,461162900.0,119.405,1771600.0,389663000.0
voxels,8488.956,125949180.0,voxels,4.04236e-05,0.599758,107,210000000.0,1293.37,19189600.0,210000000.0
electra,7945.36470068,117884198.709,electra,3.45698e-07,0.00512907,108,22983542573.8,700.802,10397700.0,22645610574.9
groestlcoin,7919.87182241,117505824.404,groestlcoin,0.000114546,1.6995,109,69141408.8874,302.102,4482240.0,69141408.8874
neblio,7709.81515278,114389170.418,neblio,0.000574104,8.51788,111,13429300.5323,178.771,2652400.0,12689541.0573
viacoin,7555.82670597,112104565.661,viacoin,0.000329271,4.88534,112,22947136.875,187.942,2788470.0,22947136.875
spectrecoin,7286.19118611,108103950.686,spectrecoin,0.000350546,5.20099,113,20785264.0912,97.5085,1446720.0,20785264.0912
shift,7129.90855146,105785312.111,shift,0.000615929,9.13844,114,11575861.1,209.863,3113710.0,11575861.1
pura,6873.89790276,101986909.648,pura,3.83821e-05,0.569469,115,179091240.52,23.928,355015.0,172308746.52
counterparty,6694.42555705,99324132.7713,counterparty,0.00255764,37.9473,116,2617422.91998,183.477,2722220.0,2617422.91998
grantcoin,6648.60536817,98644241.8341,grantcoin,6.61987e-07,0.00982179,117,10043407753.0,0.0654445,970.988,43407752.9711
aeon,6584.63272972,97694976.3086,aeon,0.000449428,6.66808,118,14651140.4045,185.541,2752840.0,14651140.4045
peerplays-ppy,6489.9649607,96290583.3635,peerplays-ppy,0.00117953,17.5005,119,5502161.84472,0.280164,4156.75,3943505.80785
burst,6457.85493396,95814085.114,burst,3.58702e-06,0.05322,120,1800339818.0,397.789,5901920.0,1800339818.0
expanse,6382.16469037,94691036.3293,expanse,0.0003775,5.6009,121,16906396.5308,173.48,2573890.0,7906396.53078
salus,5957.70694752,88393432.7673,salus,0.00589997,87.5368,123,1009785.97307,115.632,1715620.0,1009785.97307
mooncoin,5950.78223374,88290979.3318,mooncoin,2.66627e-08,0.000395591,124,2.23187532911e+11,99.5455,1476940.0,2.23187532911e+11
feathercoin,5823.93676781,86408870.0499,feathercoin,3.11184e-05,0.461699,125,187154120.0,145.252,2155080.0,187154120.0
pascal-coin,5772.286632,85642383.792,pascal-coin,0.00034741,5.15446,126,16615200.0,514.49,7633400.0,16615200.0
ion,5615.63189537,83318269.7133,ion,0.0002277,3.37835,127,24662414.9994,73.5745,1091610.0,18762414.9994
potcoin,5567.58259425,82605436.6905,potcoin,2.54105e-05,0.377012,128,219105589.983,558.917,8292560.0,219105589.983
diamond,5415.93477241,80355446.1236,diamond,0.00209386,31.0663,131,2586579.22326,259.365,3848150.0,2586579.22326
sibcoin,5310.56697434,78791969.8953,sibcoin,0.00032953,4.88918,132,16115579.6872,187.046,2775160.0,16115579.6872
hicoin,5294.75954779,78557422.0779,hicoin,5.29463e-07,0.00785555,133,10000244677.7,7.88359,116967.0,189729990.084
elastic,5266.0,78130700.0,elastic,5.266e-05,0.781307,134,100000000.0,159.766,2370420.0,88355631.0
lomocoin,4815.77045572,71450763.9115,lomocoin,1.56278e-05,0.231867,135,308154087.953,359.173,5328990.0,223154087.953
nolimitcoin,4703.95314331,69791874.8857,nolimitcoin,2.29521e-05,0.340537,136,204946525.299,42.9684,637515.0,204946525.299
nubits,4700.89683332,69746408.5284,nubits,6.682e-05,0.991397,137,70351643.7193,305.989,4539910.0,12029946.569
crown,4567.98931103,67774469.6399,crown,0.00027474,4.07627,138,16626589.9069,105.334,1562830.0,16626589.9069
blackcoin,4513.51475046,66966271.0271,blackcoin,5.8934e-05,0.874394,139,76585922.3955,785.702,11657300.0,76585922.3955
namecoin,4485.4506956,66549877.128,namecoin,0.000304379,4.51602,140,14736400.0,55.9438,830029.0,14736400.0
posw-coin,4415.166,65507120.0,posw-coin,6.30738e-05,0.935816,141,70000000.0,49.5872,735717.0,44100000.0
obsidian,4325.82140924,64181450.9194,obsidian,4.67532e-05,0.693669,142,92524606.0,28.7512,426577.0,25000000.0
shield-xsh,4291.30681992,63669558.6568,shield-xsh,9.00965e-06,0.133675,143,476301168.183,42.0965,624578.0,476301168.183
toacoin,4228.01304399,62730344.4627,toacoin,4.75846e-07,0.00706005,144,8885254985.83,2.95175,43794.6,1331155613.67
sumokoin,4117.54971962,61091348.289,sumokoin,0.00035219,5.22538,145,11691273.8,40.699,603844.0,2802384.8
iocoin,4094.04849238,60742697.3741,iocoin,0.00024888,3.69259,146,16449889.4743,31.2373,463463.0,16449889.4743
gobyte,4072.87029176,60428592.1433,gobyte,0.00329342,48.864,147,1236668.96168,45.7256,678423.0,411681.962708
faircoin,4046.10368063,60031366.5671,faircoin,7.60634e-05,1.12854,148,53193831.47,10.4722,155375.0,53193831.47
heat-ledger,3979.09483286,59037187.2516,heat-ledger,0.000127052,1.88505,149,31318632.0,12.6955,188361.0,31318632.0
omni,3942.17021118,58489364.603,omni,0.00639235,94.8423,150,616701.246206,98.7221,1464720.0,560385.246206
gridcoin,3887.78433718,57682370.2244,gridcoin,9.96069e-06,0.147785,151,390312753.151,92.5186,1372680.0,390312753.151
whitecoin,3579.51108225,53108805.7398,whitecoin,1.43981e-05,0.213623,154,248609961.193,101.292,1502850.0,248609961.193
phore,3488.21911733,51754151.5206,phore,0.000301362,4.47126,156,11574847.2512,36.4389,540638.0,8074847.25124
monetaryunit,3397.59979841,50409500.8525,monetaryunit,2.79561e-05,0.414779,157,121533396.948,225.775,3349790.0,121533396.948
steem-dollars,3326.28666282,49351657.8371,steem-dollars,0.000688407,10.2138,158,4831860.604,335.198,4973280.0,4831860.604
okcash,3280.16688679,48667242.8655,okcash,4.45855e-05,0.661507,159,73570261.3359,559.305,8298310.0,73570261.3359
eboostcoin,3273.67261637,48570942.6629,eboostcoin,3.274e-05,0.485758,160,99990000.5001,82.7665,1227990.0,12000000.0
zoin,3165.74237066,46969470.4297,zoin,0.000198799,2.94954,161,15924337.5,76.5889,1136340.0,15924337.5
global-currency-reserve,3086.48200524,45793593.458,global-currency-reserve,2.97993e-05,0.442127,162,103575654.638,248.755,3690730.0,103575654.638
neoscoin,3033.64121141,45009511.3622,neoscoin,0.000833428,12.3654,163,3639955.9547,227.383,3373650.0,3639955.9547
radium,3014.70491995,44728793.227,radium,0.000880846,13.069,164,3422510.768,118.57,1759200.0,3422510.768
monacocoin,2892.28796932,42912417.2879,monacocoin,0.000294529,4.36988,167,9820044.78107,12.9971,192836.0,2820044.78107
draftcoin,2844.67684377,42205992.9819,draftcoin,0.000163053,2.41919,168,17446332.4427,9.60185,142461.0,2302310.66862
golos,2756.62412265,40899599.6039,golos,2.21382e-05,0.328461,169,124518891.448,8.84354,131210.0,124518891.448
luxcoin,2753.52554995,40853485.8611,luxcoin,0.000730724,10.8416,170,3768215.56423,62.4185,926093.0,768215.564228
solaris,2735.84100879,40591144.0298,solaris,0.00260703,38.68,171,1049409.10108,66.8403,991698.0,899708.101082
bitbean,2681.81144112,39789457.9544,bitbean,1.16778e-06,0.0173261,172,2296504000.0,112.356,1667010.0,2296504000.0
rubycoin,2471.59726856,36670696.8326,rubycoin,9.8248e-05,1.45769,173,25156718.3918,12.4557,184804.0,25156718.3918
internet-of-people,2456.77011149,36450819.0441,internet-of-people,0.000713,10.5787,174,3445680.38077,596.154,8845030.0,3295367.31518
vericoin,2242.50666612,33271756.4641,vericoin,7.33693e-05,1.08857,175,30564645.7868,99.5335,1476760.0,30564645.7868
fedoracoin,2166.28584613,32140816.7496,fedoracoin,4.88818e-09,7.25251e-05,176,4.43168182458e+11,3.85958,57263.9,4.43168182458e+11
geocoin,2163.94976907,32106160.8196,geocoin,0.000642439,9.53176,177,3368335.0,912.588,13539900.0,3368335.0
stealthcoin,2152.56826392,31937369.4937,stealthcoin,7.75258e-05,1.15024,178,27765831.0384,39.6331,588029.0,27765831.0384
flash,2150.127,31901130.0,flash,2.38903e-06,0.0354457,179,900000000.0,12.8404,190510.0,900000000.0
myriad,2115.160607,31382385.0935,myriad,1.372e-06,0.0203562,180,1541662250.0,81.8812,1214860.0,1541662250.0
bismuth,2090.24836002,31012650.1791,bismuth,0.000282489,4.19124,181,7399397.35713,26.8594,398509.0,6768507.39348
florincoin,2055.01626428,30490058.1601,florincoin,1.45672e-05,0.216132,182,141071466.327,45.2371,671175.0,141071466.327
musicoin,2027.13146446,30076178.8212,musicoin,3.75836e-06,0.0557621,183,539365964.0,115.328,1711110.0,539365964.0
eccoin,2000.0,29673750.0,eccoin,8e-08,0.00118695,184,25000000000.0,11.9946,177963.0,25000000000.0
gcoin,1982.37940548,29412252.197,gcoin,1.32725e-08,0.000196922,185,1.4935991e+11,169.203,2510440.0,1.4935991e+11
cannabiscoin,1880.44918233,27899836.2295,cannabiscoin,2.0471e-05,0.303724,186,91859175.5326,984.953,14613600.0,77231175.5326
sexcoin,1858.28801633,27571195.784,sexcoin,1.47897e-05,0.219433,187,125647444.933,33.5719,498101.0,125647444.933
masternodecoin,1843.68497934,27354451.8469,masternodecoin,1.751e-05,0.259793,188,105293259.814,0.781484,11594.7,47754735.684
espers,1827.29353586,27111194.9148,espers,8.75876e-08,0.00129952,189,20862468384.3,35.5819,527923.0,20862468384.3
energycoin,1802.14683056,26738123.2049,energycoin,1.483e-05,0.22003,190,121520352.701,19.8843,295020.0,121520352.701
gambit,1798.73788522,26687565.5461,gambit,0.00149873,22.2364,191,1200174.73809,14.3214,212484.0,1200174.73809
pinkcoin,1732.79432246,25709159.2696,pinkcoin,4.44083e-06,0.0658878,192,390196049.491,71.4043,1059410.0,377196049.491
mintcoin,1731.2850161,25686697.6183,mintcoin,6.93978e-08,0.00102964,193,24947260808.0,78.7975,1169110.0,24947260808.0
universal-currency,1728.22822345,25641400.9055,universal-currency,0.000103808,1.54018,194,16648314.4214,6.09539,90436.2,12548314.4214
bitdeal,1700.82208416,25234782.2533,bitdeal,7.7458e-06,0.114923,195,219579912.231,43.0967,639418.0,175583793.0
leocoin,1693.08739609,25120006.495,leocoin,1.62535e-05,0.24115,196,104167557.516,1.26389,18752.1,95810138.9871
atbcoin,1682.97344007,24969975.7476,atbcoin,3.23326e-05,0.479713,197,52051905.5094,235.923,3500340.0,40075105.5094
dynamic,1659.54719778,24622403.5823,dynamic,0.00035752,5.30446,198,4641830.38091,207.301,3075690.0,1887926.38091
bitsend,1617.07663235,23992274.3438,bitsend,9.12426e-05,1.35375,199,17722825.0,56.0442,831518.0,17722825.0
pure,1581.202096,23460015.6432,pure,0.0003859,5.72553,200,4097440.0,24.301,360550.0,2988160.842
sequence,1541.65552267,22873278.1239,sequence,3.405e-05,0.505194,201,45276226.8038,39.3139,583293.0,45276226.8038
bitmark,1529.667018,22695415.137,bitmark,0.00019998,2.96707,202,7649100.0,13.3494,198062.0,7649100.0
dopecoin,1512.25767887,22436971.2162,dopecoin,1.29424e-05,0.192023,203,116845228.0,149.803,2222600.0,116845228.0
oxycoin,1495.19292198,22183986.2375,oxycoin,1.42373e-05,0.211237,204,105019415.337,1.39014,20625.3,85246096.8151
the-champcoin,1475.86,21897010.0,the-champcoin,6.77e-06,0.100445,205,218000000.0,1.95163,28956.0,164925727.0
vcash,1468.26666677,21784464.9788,vcash,9.55e-05,1.41692,206,15374520.0709,46.6413,692008.0,15374520.0709
atmos,1380.00228779,20474808.4445,atmos,1.25056e-05,0.185543,207,110350745.889,10.3894,154146.0,100350745.889
bulwark,1374.0087611,20385917.5746,bulwark,0.000699065,10.3719,208,1965494.99847,60.4989,897612.0,1647949.47026
curecoin,1370.15560517,20328761.4534,curecoin,5.74972e-05,0.853076,209,23829953.5485,20.1461,298905.0,23829953.5485
boolberry,1350.83203019,20042076.4647,boolberry,0.00012601,1.86959,210,10720038.3318,0.705445,10466.6,10720038.3318
transfercoin,1324.25025457,19647672.3257,transfercoin,0.000211126,3.13244,211,6272322.0,67.9622,1008340.0,6272322.0
sphere,1322.58137842,19622914.857,sphere,0.000429,6.365,212,3082940.27603,83.9472,1245510.0,3082940.27603
spreadcoin,1302.15920564,19319971.1705,spreadcoin,0.000139125,2.06418,213,9359634.90127,219.388,3255030.0,9359634.90127
belacoin,1296.87056132,19241432.4932,belacoin,3.29969e-05,0.489569,214,39302800.0,62.8124,931937.0,39302800.0
artbyte,1293.55552333,19192240.5534,artbyte,1.63217e-06,0.0242162,215,792537250.0,39.5478,586764.0,792537250.0
cryptocarbon,1292.62,19178320.0,cryptocarbon,1.8466e-05,0.273976,216,70000000.0,2.77587,41185.1,3562111.0
alqo,1243.19475238,18445113.8541,alqo,7.09631e-05,1.05287,217,17518890.1328,28.608,424452.0,17518890.1328
memetic,1217.80840738,18068412.5571,memetic,6.34449e-05,0.941321,218,19194740.7496,159.686,2369240.0,18827488.2995
primecoin,1216.31363139,18046238.5307,primecoin,5.53962e-05,0.821904,219,21956625.7503,18.8986,280396.0,21956625.7503
unobtanium,1209.97980772,17952264.444,unobtanium,0.00611049,90.6603,220,198016.821519,0.984395,14605.3,198016.821519
dimecoin,1208.05110399,17923672.7914,dimecoin,2.24088e-09,3.32476e-05,221,5.3909674056e+11,11.6195,172396.0,5.3909674056e+11
sagacoin,1206.8943561,17906470.278,sagacoin,0.000553304,8.20927,222,2181250.01103,32.4954,482129.0,221788.849269
trezarcoin,1206.72488582,17903905.2284,trezarcoin,1.24031e-05,0.184022,223,97292200.0,9.67346,143523.0,85292200.0
hyperstake,1200.7705249,17815562.3189,hyperstake,1.09389e-06,0.0162298,224,1097706830.58,16.7484,248493.0,1097706830.58
pesetacoin,1167.03664982,17315117.5485,pesetacoin,8.83127e-06,0.131028,225,132148224.414,51.6428,766215.0,132148224.414
social-send,1151.56330857,17085582.2283,social-send,3.42648e-05,0.508382,226,33607763.9025,57.5292,853550.0,31417821.279
newyorkcoin,1146.3852979,17008714.1931,newyorkcoin,8.88445e-09,0.000131817,227,1.29032781759e+11,4.69242,69620.6,1.29032781759e+11
dubaicoin-dbix,1141.98568932,16943445.6925,dubaicoin-dbix,0.000634945,9.42057,228,1798558.441,29.5369,438234.0,1798558.441
regalcoin,1128.98422915,16750565.1654,regalcoin,0.000151973,2.2548,229,7428847.42125,40.6241,602733.0,3555241.985
auroracoin,1104.6573398,16389597.6402,auroracoin,0.000127586,1.89297,230,8658139.13597,55.5613,824353.0,8658139.13597
blockpool,1052.1560902,15610684.4578,blockpool,4.16463e-05,0.6179,231,25264095.2545,2.2001,32642.5,22293890.0011
bitzeny,1051.5859744,15602220.3155,bitzeny,1.39072e-05,0.206339,232,75614500.0,12.657,187790.0,75614500.0
startcoin,1021.20340083,15151358.8843,startcoin,1.44274e-05,0.214056,233,70782220.0,30.5022,452556.0,45079785.0
hush,1020.71424,15144163.125,hush,0.000455168,6.75325,234,2242500.0,23.3986,347160.0,2242500.0
neutron,1015.76254489,15070675.5423,neutron,3.06789e-05,0.455177,235,33109483.8762,3.23683,48024.3,33109483.8762
tao,981.171128246,14557472.5013,tao,3e-05,0.445105,236,32705704.2749,0.219959,3263.49,32705704.2749
e-dinar-coin,976.855049186,14493398.0558,e-dinar-coin,9.66024e-07,0.0143327,237,1011211987.68,21.4404,318108.0,886211987.679
pirl,973.9622136,14450570.9491,pirl,0.000137975,2.04712,238,7058976.0,18.2905,271373.0,7058976.0
breakout-stake,955.851239926,14181787.366,breakout-stake,0.000152495,2.26254,239,6268082.49403,91.2119,1353300.0,6268082.49403
novacoin,951.388602685,14115576.369,novacoin,0.000489229,7.2586,240,1944669.2708,18.6729,277047.0,1944669.2708
innova,942.930367704,13990073.1154,innova,0.000464503,6.89174,241,2029976.91663,22.1072,328001.0,1279976.91663
bitcoin-plus,941.638562791,13970928.6166,bitcoin-plus,0.00901682,133.781,242,104431.336413,13.7761,204393.0,104431.336413
blitzcash,922.586940402,13688257.4798,blitzcash,0.00022411,3.32508,243,4116670.11915,21.7642,322912.0,4116670.11915
colossuscoin-v2,919.056871928,13635885.9738,colossuscoin-v2,4e-08,0.000593473,244,22976421798.2,0.30435,4515.59,22976421798.2
synergy,907.613990804,13466151.1236,synergy,0.00027377,4.06189,245,3315242.6884,9.54128,141562.0,3315242.6884
magi,899.587639008,13347019.8847,magi,0.000116252,1.72481,247,7738255.16127,202.587,3005750.0,7738255.16127
yocoin,899.520712992,13346028.1955,yocoin,5.32668e-06,0.079031,248,168870800.009,4.65963,69134.1,109360800.009
korecoin,893.909255393,13262778.6632,korecoin,0.00044199,6.55773,249,2022464.88697,36.8441,546650.0,2022464.88697
syndicate,891.952254072,13233734.6766,syndicate,5.25492e-05,0.779663,250,16973660.0,84.2431,1249900.0,16973660.0
zozocoin,877.352535122,13017116.2594,zozocoin,0.00012115,1.79748,251,7241869.87307,2.57789,38247.7,536309.873065
exclusivecoin,875.996438136,12996991.9366,exclusivecoin,0.000199092,2.95389,252,4399958.0,60.2576,894031.0,4399958.0
vivo,875.088215431,12983528.6143,vivo,0.000484963,7.19531,253,1804443.25738,11.1374,165244.0,984443.257385
magnet,868.199365816,12881282.2121,magnet,0.00010109,1.49985,254,8588380.31276,15.8553,235242.0,8338380.31276
riecoin,851.908626874,12639629.6847,riecoin,2.11047e-05,0.313127,255,40365824.9998,17.1335,254207.0,40365824.9998
dotcoin,801.582396083,11892916.7705,dotcoin,1.48559e-06,0.0220414,256,539571750.0,41.3539,613560.0,274571750.0
goldcoin,791.10226087,11737458.4117,goldcoin,1.94197e-05,0.288127,257,40737100.0,17.3128,256867.0,40737100.0
prizm,782.969641005,11616778.4789,prizm,6.14408e-05,0.911586,259,12743480.57,0.639635,9490.15,12743480.57
linda,781.058206378,11588420.2839,linda,1.30102e-07,0.0019303,260,6003429665.78,105.163,1560280.0,6003429665.78
crowdcoin,762.115613919,11307397.2352,crowdcoin,0.000808534,11.9961,261,942589.444499,23.2841,345462.0,592589.444499
2give,758.218268114,11249550.1575,2give,1.46007e-06,0.0216628,262,519302682.826,14.6717,217681.0,519302682.826
earthcoin,743.922048581,11037439.1752,earthcoin,6.40559e-08,0.000950386,263,11613638221.9,12.1065,179623.0,11613638221.9
ufo-coin,741.58586502,11002768.2249,ufo-coin,2.1e-07,0.00311573,264,3531361262.0,1.22265,18140.3,3531361262.0
thegcccoin,724.73814533,10752849.27,thegcccoin,8e-07,0.0118695,265,905922681.662,0.313612,4653.01,515676113.662
copico,723.427642137,10733351.1418,copico,3.15349e-05,0.467877,266,22940540.2312,19.6495,291537.0,15746668.2851
trustplus,720.023197718,10682846.8539,trustplus,2.244e-05,0.332938,267,32086595.2637,40.3053,598002.0,32086595.2637
interstellar-holdings,706.097476289,10476253.4181,interstellar-holdings,5.3272e-06,0.0790388,268,132545704.364,15.565,230936.0,93014591.3768
crave,694.947086478,10310805.9265,crave,0.000471202,6.99114,269,1474839.0,7.74746,114948.0,1474839.0
bitcloud,691.82246439,10264445.5764,bitcloud,4.06515e-05,0.603139,270,17018374.8297,1.76356,26165.7,17018374.8297
europecoin,677.657977306,10054254.0139,europecoin,6.794e-05,1.00801,271,9974359.39514,14.7498,218841.0,9974359.39514
bitcoinz,674.911773446,10013578.7927,bitcoinz,8.12914e-07,0.0120611,272,830237606.248,25.8552,383609.0,830237606.248
vsync-vsx,633.153536182,9393997.06629,vsync-vsx,3.77296e-06,0.0559788,273,167813477.0,8.39003,124481.0,160040176.3
martexcoin,625.378946927,9278660.30163,martexcoin,0.000219996,3.26405,275,2842683.26209,0.409406,6074.29,2842683.26209
equitrader,615.972555021,9139084.8917,equitrader,5.55766e-05,0.824581,276,11083307.6335,6.23279,92474.9,9983307.63345
1337coin,615.468665043,9131583.85823,1337coin,2.26375e-08,0.000335868,277,27188013916.9,3.36651,49948.3,24385660801.9
veriumreserve,612.221312972,9083420.74487,veriumreserve,0.000425771,6.31709,278,1437912.19452,48.4526,718883.0,1437912.19452
breakout,611.506118054,9072819.38577,breakout,3.37065e-05,0.500098,279,18142082.9233,16.0315,237856.0,18142082.9233
asiacoin,610.930380977,9064269.33366,asiacoin,4.98678e-07,0.0073988,280,1225099926.16,0.316242,4692.02,1225099926.16
intensecoin,598.074589736,8873518.66932,intensecoin,1.87235e-06,0.0277797,281,319424567.915,2.98586,44300.7,319424567.915
huntercoin,593.9305398,8812044.9027,huntercoin,2.862e-05,0.42463,282,20752290.0,17.6809,262329.0,20752290.0
karbowanec,590.788080364,8765415.77713,karbowanec,0.000116527,1.72889,283,5069967.30684,10.7037,158810.0,5069967.30684
vtorrent,579.843927752,8603040.84727,vtorrent,5.361e-05,0.795402,284,10815965.8227,41.8954,621595.0,10815965.8227
nekonium,578.65309112,8585374.76022,nekonium,3.112e-05,0.461722,285,18594251.0,1.26729,18802.5,8988521.83
anoncoin,568.255573015,8431095.72073,anoncoin,0.000269275,3.99518,286,2110316.862,1.06344,15778.1,2110316.862
bitswift,563.787236961,8364804.01146,bitswift,0.00013855,2.05564,287,4069196.94667,11.654,172908.0,4069196.94667
chaincoin,553.80522981,8216713.74705,chaincoin,3.37469e-05,0.500697,288,16410551.1857,6.15499,91320.5,14380853.59
creativecoin,553.711765263,8215310.64984,creativecoin,4.23621e-05,0.628518,289,13070923.426,3.12169,46316.0,13070923.426
buzzcoin,552.264820544,8193854.37174,buzzcoin,5.00647e-08,0.000742801,290,11031022268.1,29.7068,440754.0,11031022268.1
evergreencoin,547.542752967,8123795.3316,evergreencoin,4.11028e-05,0.609835,291,13321300.5675,10.032,148843.0,13321300.5675
dnotes,545.224735202,8089409.87389,dnotes,4.178e-06,0.0619883,292,130498979.225,1.3559,20117.2,130498979.225
rupee,542.2760948,8045664.55665,rupee,2.3848e-05,0.353829,293,22738850.0,7.54933,112008.0,22738850.0
terracoin,522.952714441,7758963.48579,terracoin,2.37889e-05,0.352952,294,21983055.7294,11.6083,172230.0,21983055.7294
linx,519.79027296,7712044.1456,linx,3.36966e-05,0.499951,295,15425600.0,25.156,373236.0,14425600.0
e-gulden,511.52976,7589492.7948,e-gulden,2.48e-05,0.367954,296,20626200.0,12.5947,186866.0,16100360.0
chips,509.586526459,7560653.75923,chips,2.5e-05,0.370921,297,20383461.0584,0.160542,2381.94,20383461.0584
putincoin,493.603229504,7323498.68392,putincoin,1.56109e-06,0.0231616,298,316191398.0,2.76159,40973.2,316191398.0
audiocoin,492.428218685,7306077.36283,audiocoin,5.87144e-07,0.00871136,299,838683898.132,4.65811,69111.6,838683898.132
quark,482.043945432,7152022.03275,quark,1.89968e-06,0.0281853,301,253750076.556,2.37705,35267.8,253750076.556
xios,462.572093143,6863095.09003,xios,0.000215181,3.1926,302,2149688.36999,17.7599,263501.0,2149688.36999
onix,454.078047078,6737071.24913,onix,4.40079e-06,0.0652937,303,103181030.469,4.91513,72924.9,27432814.0
zeitcoin,444.689192189,6597800.45391,zeitcoin,1.2028e-08,0.000178458,304,36971166626.9,5.41689,80369.4,36971166626.9
parkbyte,434.254339688,6442964.49567,parkbyte,9.11528e-05,1.35242,305,4764026.33477,16.3217,242162.0,4764026.33477
sprouts,432.273958368,6413566.8007,sprouts,2.43398e-10,3.61125e-06,306,1.77599634495e+12,6.18139,91712.2,1.77599634495e+12
bluecoin,428.791603854,6361920.68746,bluecoin,7.46135e-07,0.0110703,307,574683675.01,0.376615,5587.77,574683675.01
force,424.064021325,6291763.73518,force,3.90103e-06,0.0578789,308,108705655.0,6.96797,103383.0,104819153.437
cybcsec,409.334531677,6073219.69627,cybcsec,1.6e-06,0.0237389,309,255834082.298,7.30483,108381.0,11834082.2983
worldcoin,408.961031791,6067688.62676,worldcoin,3.47477e-06,0.0515546,310,117694417.7,2.15632,31993.0,117694417.7
denarius-dnr,384.410674694,5703425.21081,denarius-dnr,0.000183336,2.72012,311,2096755.00008,8.96427,133001.0,2096755.00008
bitradio,384.067463802,5698351.45962,bitradio,3.49403e-05,0.518404,312,10992105.5,0.568126,8429.19,5992102.69247
unbreakablecoin,383.18483,5685237.2325,unbreakablecoin,0.0001682,2.49555,313,2278150.0,173.541,2574800.0,2278150.0
prcoin,382.37808,5673279.84328,prcoin,4.8e-07,0.00712168,314,796621000.0,0.316796,4700.25,16621000.0
incakoin,369.334979549,5479765.58332,incakoin,3.1283e-08,0.000464141,315,11806251943.5,0.650239,9647.48,11804251943.5
desire,348.32556909,5168055.29481,desire,0.00019651,2.91559,316,1772559.0,6.33233,93951.7,1012637.0
ixcoin,339.391460057,5035476.30672,ixcoin,1.61622e-05,0.239795,317,20999087.999,0.131824,1955.84,20999087.999
unify,335.419254524,4976559.85636,unify,1.88336e-05,0.279431,318,17809619.75,8.95866,132918.0,17809619.75
renos,334.631498137,4964851.89629,renos,1.00321e-05,0.148844,319,33356076.8072,1.81443,26920.3,33356076.8072
condensate,326.365140511,4842213.25513,condensate,3.37432e-06,0.0500641,320,96720269.7168,4.4794,66460.1,96720269.7168
pandacoin-pnd,312.060289181,4629994.10657,pandacoin-pnd,9.59745e-09,0.000142396,321,32514916897.8,2.74851,40779.2,32514916897.8
litebitcoin,309.567282022,4592993.34503,litebitcoin,1.7937e-06,0.0266128,322,172585873.904,14.469,214674.0,28940332.9695
signatum,302.255720995,4484519.25421,signatum,2.79937e-06,0.0415338,323,107972765.656,9.01323,133728.0,107972765.656
cryptogenic-bullion,296.812676382,4403763.28072,cryptogenic-bullion,0.000294748,4.37313,324,1007004.88682,0.279009,4139.61,1007004.88682
fluttercoin,295.377920907,4382471.96508,fluttercoin,9.16712e-07,0.0136011,325,322214524.199,6.71955,99696.8,322214524.199
carboncoin,293.327123262,4352029.99374,carboncoin,1.90571e-08,0.000282746,326,15392012597.0,0.38862,5765.89,15392012597.0
visio,287.622154191,4267405.06363,visio,4.57354e-06,0.0678569,328,62888299.6958,0.774609,11492.7,50888299.6958
digitalprice,283.46833221,4205758.2973,digitalprice,1.11876e-05,0.165988,329,25337725.0,4.35548,64621.6,17837724.0
bunnycoin,279.645342779,4149041.6056,bunnycoin,2.73098e-09,4.0519e-05,330,1.02397433441e+11,10.8051,160314.0,1.02397433441e+11
xgox,271.775792489,4032298.67784,xgox,2.29186e-07,0.0034004,331,1185830689.87,3.81387,56585.8,932415345.071
biblepay,271.578172733,4029371.47072,biblepay,8.41963e-07,0.0124921,332,322553571.515,2.10395,31216.0,322553571.515
bytecent,263.733992753,3912980.11766,bytecent,0.00013625,2.02152,334,1935662.33213,6.23228,92467.3,1935662.33213
ellaism,259.348441744,3847917.7872,ellaism,7.33012e-05,1.08756,335,3538120.0,9.15575,135842.0,3538120.0
campuscoin,257.827832074,3825351.18362,campuscoin,4.97988e-07,0.00738857,336,517739046.07,12.5041,185522.0,317739046.07
kurrent,248.364498297,3684941.1118,kurrent,3.41325e-06,0.0506418,337,72764813.0951,2.62712,38978.2,61364813.1
insanecoin-insn,246.112348922,3651543.13275,insanecoin-insn,1.32093e-05,0.195985,338,18631748.0049,1.01859,15112.7,18381748.0049
russiacoin,244.790556156,3631916.83308,russiacoin,2.92187e-05,0.433513,339,8377872.94287,0.100309,1488.27,8377872.94287
fastcoin,244.380104155,3625829.86139,fastcoin,1.55742e-06,0.0231072,340,156913423.582,4.99023,74039.2,156913423.582
arcticcoin,243.90513352,3618767.75163,arcticcoin,9.90956e-06,0.147026,341,24613114.3582,3.41304,50638.7,24613114.3582
ebittree-coin,243.379353212,3610978.90038,ebittree-coin,3e-07,0.00445105,342,811264510.707,0.144191,2139.34,1264510.7069
digitalcoin,242.866390582,3603356.5279,digitalcoin,8.77097e-06,0.130133,343,27689798.344,4.03627,59885.5,27689798.344
moin,238.130410854,3533092.95546,moin,3.24262e-05,0.481101,344,7343765.56162,7.36688,109301.0,7343765.56162
cryptonite,236.128802252,3503401.29393,cryptonite,6.20891e-07,0.00921205,345,380306369.801,2.33093,34583.7,380306369.801
megacoin,234.466256528,3478738.24781,megacoin,6.41179e-06,0.0951307,346,36567987.4931,1.49831,22230.1,36567987.4931
noblecoin,231.496153996,3434666.75004,noblecoin,9.98253e-08,0.00148109,348,2319012855.42,2.80348,41594.8,2319012855.42
influxcoin,226.370290242,3358614.41442,influxcoin,0.000135277,2.00708,349,1673383.42987,21.7833,323194.0,1673383.42987
unitus,222.992199425,3308495.28387,unitus,4.76623e-06,0.0707157,350,46785866.2768,2.63778,39136.3,46785866.2768
greencoin,217.847031702,3232160.19224,greencoin,5.92739e-08,0.000879437,351,3675260640.89,0.222677,3303.83,3675260640.89
crevacoin,214.172084373,3177638.19731,crevacoin,3.43203e-08,0.000509205,352,6240390800.0,0.0426379,632.611,36390750.0
centurion,211.723974837,3141319.00391,centurion,2.6842e-06,0.0398251,353,78877868.578,0.822919,12209.5,73877868.578
hitcoin,209.96318099,3115181.72371,hitcoin,1e-08,0.000148368,354,20996318099.0,0.0486658,722.046,10996318099.0
footy-cash,208.219628972,3089318.0439,footy-cash,4.56134e-05,0.676758,355,4564878.5,0.859771,12756.3,4564878.5
luckchain,201.686586906,2992393.91724,luckchain,2.81737e-07,0.00418009,356,715868298.826,0.132584,1967.13,715868298.826
shadowcash,199.314117125,2957186.79951,shadowcash,2.977e-05,0.441692,357,6695133.25917,0.0827141,1227.21,6695133.25917
ultimate-secure-cash,199.189704988,2955342.13846,ultimate-secure-cash,5.16e-06,0.076558,358,38602656.0054,0.0650896,965.723,10343113.0054
fantomcoin,191.895550747,2847123.33553,fantomcoin,3.1e-05,0.459942,360,6190179.05634,0.7404,10985.2,6190179.05634
litedoge,191.315505871,2838520.62994,litedoge,1.28261e-08,0.000190299,361,14916109017.6,1.42463,21136.9,14916109017.6
inflationcoin,185.865437357,2757652.54252,inflationcoin,5.25165e-09,7.79178e-05,362,35391817306.5,1.94425,28846.5,35391817306.5
woodcoin,178.541989651,2648994.23475,woodcoin,2.222e-05,0.329674,363,8035193.0536,0.851725,12636.9,8035193.0536
hodlcoin,175.0,2596450.0,hodlcoin,7e-07,0.0103858,364,250000000.0,0.441503,6550.5,164342925.0
photon,173.743392183,2577802.94049,photon,8.32374e-09,0.000123498,365,20873236331.6,4.45139,66044.6,20873236331.6
elementrem,173.315189625,2571446.42694,elementrem,6.7e-06,0.0994067,366,25867938.75,0.962147,14275.2,25867938.75
fujicoin,172.717184139,2562583.57654,fujicoin,1.38331e-07,0.0020524,367,1248579018.0,2.38096,35325.9,1248579018.0
i0coin,170.924640765,2535985.91756,i0coin,8.14451e-06,0.120839,368,20986485.4688,0.844153,12524.6,20986485.4688
teslacoin,169.167803837,2509915.0711,teslacoin,2.29402e-06,0.034036,369,73742950.7315,0.265853,3944.42,73742950.7315
canada-ecoin,168.599030694,2501465.56916,canada-ecoin,1.73072e-06,0.0256783,370,97415544.2208,0.699432,10377.4,97415544.2208
mazacoin,162.862468038,2416357.17264,mazacoin,1.20677e-07,0.00179046,371,1349573390.44,0.564077,8369.11,1349573390.44
version,161.720003408,2399409.76674,version,3.41698e-07,0.00506971,372,473283435.688,0.362925,5384.65,473283435.688
dinastycoin,161.676597295,2398763.62519,dinastycoin,1.13788e-07,0.00168825,373,1420858063.19,0.936436,13893.7,1420858063.19
zetacoin,160.687010146,2384090.84746,zetacoin,9.60102e-07,0.0142449,374,167364519.755,2.62862,39000.4,167364519.755
petrodollar,157.854130963,2342057.87096,petrodollar,2.46673e-06,0.0365985,375,63993274.8873,9.36004,138873.0,63993274.8873
smartcoin,154.905475344,2298305.94886,smartcoin,6.52595e-06,0.0968244,376,23736846.7954,0.776055,11514.2,23736846.7954
swaptoken,153.20585365,2273084.60943,swaptoken,1e-08,0.000148368,377,15320585365.0,0.0793279,1176.97,15320585365.0
the-cypherfunks,151.962225269,2254632.83649,the-cypherfunks,3.26681e-09,4.8469e-05,378,46517007499.4,1.24537,18477.3,46517007499.4
bitstar,150.865315055,2238360.57066,bitstar,6.5367e-06,0.0969838,379,23079736.7257,0.439586,6522.06,23079736.7257
zero,150.360236301,2230870.29095,zero,0.000336902,4.99856,380,446302.593337,43.8197,650146.0,446302.593337
zennies,150.15295053,2227789.35567,zennies,1.50031e-07,0.00222598,381,1000812835.55,0.569199,8445.1,1000812835.55
goldblocks,147.328737366,2185889.39949,goldblocks,9.62565e-06,0.142814,382,15305848.1626,0.612945,9094.16,15305848.1626
cream,145.066682304,2152333.58083,cream,3.22937e-06,0.0479137,383,44921047.2335,0.383556,5690.75,44921047.2335
cannacoin,143.070760861,2122719.5356,cannacoin,3.04384e-05,0.45161,384,4700337.75958,1.95314,28978.4,4700337.75958
monkey-project,141.046591836,2092685.10744,monkey-project,0.00027886,4.1374,385,505797.144933,4.14381,61480.9,105797.144933
ultracoin,139.228046826,2065701.01957,ultracoin,3.10326e-06,0.0460425,386,44865092.4597,0.352692,5232.84,44865092.4597
pascal-lite,136.9243575,2031521.9022,pascal-lite,2.955e-05,0.438428,387,4633650.0,5.37064,79683.3,4633650.0
bitcoin-scrypt,136.065199813,2018774.36003,bitcoin-scrypt,8.21834e-06,0.121934,388,16556287.5,0.477194,7080.05,16556287.5
machinecoin,133.3447311,1978411.48025,machinecoin,6.56628e-06,0.0974227,390,20307500.0,0.0481103,713.804,20307500.0
42-coin,133.178133624,1975939.11846,42-coin,3.17091,47046.2,391,41.99997276,0.321958,4776.83,41.99997276
magnum,132.079847291,1959645.83429,magnum,5.2e-07,0.00771515,392,253999706.329,0.473003,7017.87,3999706.32945
growers-international,129.870883221,1926876.40636,growers-international,0.000110704,1.6425,393,1173136.32046,1.1505,17069.8,1173136.32046
smileycoin,129.50530315,1921445.30772,smileycoin,4.9886e-09,7.40149e-05,394,25960250000.0,0.287618,4267.34,25960250000.0
bata,124.160458431,1842145.99492,bata,2.48831e-05,0.369186,395,4989750.41015,1.99615,29616.6,4989750.41015
eternity,123.195297652,1827827.1832,eternity,2.99159e-05,0.443857,396,4118054.20033,0.866197,12851.6,4118054.20033
adzcoin,123.075713106,1826052.77931,adzcoin,2.83223e-06,0.0420213,397,43455409.0262,0.310925,4613.14,43455409.0262
master-swiscoin,122.251938659,1813828.41752,master-swiscoin,1.2139e-07,0.00180104,398,1007100573.84,0.326735,4847.71,44988160.0
pioneer-coin,121.018237486,1795527.606,pioneer-coin,5.093e-05,0.75564,399,2376168.02446,7.49555,111210.0,1480735.02446
kekcoin,119.628877232,1774906.05877,kekcoin,1.04239e-05,0.154657,400,11476403.0,0.429002,6365.03,10476403.0
netcoin,119.617284974,1774734.59654,netcoin,1.51967e-07,0.0022547,401,787126711.552,1.46228,21695.7,787126711.552
britcoin,118.021960379,1751072.21164,britcoin,5.54925e-06,0.0823333,402,21268092.1528,0.593336,8803.22,21268092.1528
supercoin,117.473243118,1742931.83667,supercoin,2.46171e-06,0.036524,403,47720179.5167,0.331971,4925.4,47720179.5167
deutsche-emark,117.137046822,1737942.49691,deutsche-emark,2.91292e-06,0.0432185,404,40212929.5766,0.225295,3342.67,33230953.5056
elcoin-el,116.276897988,1725180.86416,elcoin-el,5.55411e-06,0.0824054,405,20935289.0,0.546946,8114.95,11208967.0
orbitcoin,115.771595295,1717681.39508,orbitcoin,3.71933e-05,0.55183,406,3112700.27923,0.589894,8752.16,3112700.27923
trollcoin,113.590456285,1685318.07322,trollcoin,2.00267e-07,0.00297132,407,567195076.0,0.175437,2602.92,567195076.0
gapcoin,107.863795528,1600358.8548,gapcoin,8.82128e-06,0.13088,408,12227680.7365,2.15932,32037.4,12227680.7365
bitbar,106.701472356,1583109.08325,bitbar,0.00299307,44.4076,409,35649.507815,0.222166,3296.24,35649.507815
coinonatx,106.371594588,1578217.12816,coinonatx,6.08471e-06,0.0902778,410,17481785.4241,4.91183,72875.9,17481785.4241
daxxcoin,103.746267236,1539264.17247,daxxcoin,1.96985e-07,0.00292263,411,526670900.0,0.792663,11760.6,501670900.0
titcoin,97.8962807621,1452471.79692,titcoin,1.96192e-06,0.0291087,412,49898202.15,0.580623,8614.6,49898202.15
bitcoinfast,97.8420451412,1451665.70855,bitcoinfast,1.20763e-05,0.179174,413,8101988.61747,0.798955,11854.0,5178569.01065
maxcoin,97.07443686,1440277.44542,maxcoin,1.58e-06,0.0234422,414,61439517.0,0.174233,2585.06,61439517.0
kobocoin,94.2805984091,1398826.89689,kobocoin,3.81699e-06,0.0566321,415,24700247.6845,0.168912,2506.12,24700247.6845
macron,94.1204729758,1396448.71185,macron,2.34468e-07,0.00347876,416,401421400.685,0.211974,3145.02,401421400.685
ethereum-dark,93.6287074066,1389151.61931,ethereum-dark,3.10043e-05,0.460005,417,3019862.0,9.19313,136397.0,1500000.0
freicoin,93.0,1379820.0,freicoin,9.3e-07,0.0137982,418,100000000.0,0.18722,2777.76,29791051.2839
dfscoin,92.224711091,1368322.38717,dfscoin,2.0494e-06,0.0304066,419,45000834.9229,3.30785,49078.0,16559041.3329
fuelcoin,91.4875776178,1357380.85854,fuelcoin,9e-07,0.0133531,420,101652864.02,0.534098,7924.31,101652864.02
dollar-online,90.2532753918,1339070.56445,dollar-online,9.4e-06,0.139466,421,9601412.27572,0.638597,9474.76,753776.046463
piggycoin,88.9757406808,1320118.59476,piggycoin,1.82456e-07,0.00270707,422,487655876.928,0.235458,3493.45,487655876.928
aurumcoin,87.5386369364,1298795.64565,aurumcoin,0.000294596,4.37087,423,297148.08394,0.0503109,746.454,297148.08394
rimbit,87.5022131934,1298254.55786,rimbit,2.22392e-07,0.00329959,424,393459356.422,3.8224,56712.3,115499623.422
netko,86.923220155,1289665.12667,netko,1.91795e-05,0.284563,425,4532090.0,0.731541,10853.8,4532090.0
atomic-coin,86.5900763728,1284723.31458,atomic-coin,6.38493e-06,0.0947322,426,13561632.8406,1.46621,21753.9,13561632.8406
platinumbar,86.4911810772,1283250.09211,platinumbar,0.000185632,2.75418,427,465928.186289,0.294033,4362.51,465928.186289
leviarcoin,86.3042542798,1280482.72246,leviarcoin,8.4704e-06,0.125674,428,10188923.1063,1.11531,16547.6,10188923.1063
hempcoin-hmp,85.6993640998,1271507.18192,hempcoin-hmp,3e-08,0.000445105,429,2856645469.99,2.10498,31231.2,1356645469.99
happycoin,85.4267959549,1267462.19832,happycoin,6.44206e-06,0.0955797,430,13260788.6227,0.862147,12791.5,13260788.6227
vault-coin,85.3491107405,1266311.38875,vault-coin,1.60919e-07,0.00238753,431,530385540.182,0.0532902,790.658,30385540.182
artex-coin,84.6001309031,1255197.33287,artex-coin,3.14754e-07,0.00466995,433,268781749.884,0.0987809,1465.6,18781749.8844
redcoin,84.4170454126,1252482.72872,redcoin,1.13911e-06,0.0169008,434,74107896.0,8.3868,124434.0,74107896.0
dashcoin,84.359857842,1251633.15083,dashcoin,4.8e-06,0.0712168,435,17574970.3838,0.691146,10254.4,17574970.3838
qubitcoin,83.6976865856,1241809.32908,qubitcoin,3.37096e-07,0.00500144,436,248290358.194,0.459729,6820.92,248290358.194
altcommunity-coin,83.4893173112,1238717.60006,altcommunity-coin,0.000344109,5.10549,437,242624.62566,0.474948,7046.72,173196.68676
lottocoin,83.4481005559,1238103.57754,lottocoin,5.75861e-09,8.54394e-05,438,14491014421.2,1.31861,19564.0,14491014421.2
spacecoin,82.4039640423,1222613.97332,spacecoin,3.88256e-06,0.0576049,440,21224131.5118,0.178218,2644.19,21224131.5118
interzone,81.1324832399,1203747.90247,interzone,2.86e-05,0.424333,441,2836800.11328,2.00885,29804.9,2376800.11328
whalecoin,79.9687986764,1186481.60516,whalecoin,1.53407e-05,0.227607,442,5212852.0,0.0971508,1441.41,5212852.0
opal,77.9790143797,1156961.54194,opal,5.14899e-06,0.0763947,443,15144526.2818,0.0953695,1414.98,15144526.2818
veltor,77.2025247,1145442.662,veltor,0.00013914,2.0644,444,554855.0,0.0505502,750.005,554855.0
bittokens,76.8629950725,1140406.73115,bittokens,0.000134407,1.99418,445,571867.5,0.0607031,900.641,571867.5
hobonickels,75.8143751611,1124846.54196,hobonickels,1.27e-06,0.0188428,446,59696358.3945,0.143437,2128.15,59696358.3945
triangles,74.3536447447,1103168.24601,triangles,0.00102006,15.1344,447,72891.44241,0.3319,4924.34,72891.44241
bigup,73.4825094192,1090248.55301,bigup,3.45866e-08,0.000513156,448,2124594768.47,0.186178,2762.3,2124594768.47
chesscoin,72.5044109437,1075738.3911,chesscoin,1.34186e-06,0.019909,449,54032768.6523,0.0676079,1003.09,54032768.6523
tittiecoin,72.1789149164,1070905.69991,tittiecoin,5.72932e-08,0.000850049,450,1259816434.0,1.44717,21471.5,1259816434.0
phoenixcoin,71.7229172888,1064142.56603,phoenixcoin,1.13611e-06,0.0168563,451,63130257.8877,0.24382,3617.52,63130257.8877
tattoocoin,70.7197475622,1049255.21981,tattoocoin,7.82109e-07,0.011604,452,90421856.2403,0.42441,6296.9,90421856.2403
coin,70.7007109558,1048973.75464,coin,6.72235e-07,0.00997383,453,105172612.19,0.158269,2348.21,105172612.19
kushcoin,70.4110608925,1044676.40695,kushcoin,1.28878e-05,0.191214,454,5463388.70036,0.233791,3468.71,5463388.70036
8bit,69.0925868623,1025115.05178,8bit,4.70709e-05,0.698383,455,1467840.78618,0.12563,1863.94,1467840.78618
amsterdamcoin,68.948797621,1022984.24697,amsterdamcoin,1.06877e-06,0.0158572,456,64512287.6026,0.669674,9935.83,33244746.5157
popularcoin,66.8989947013,992569.028387,popularcoin,1.96697e-08,0.000291836,457,3401119218.97,0.579827,8602.8,3401119218.97
joulecoin,66.8328783388,991591.535109,joulecoin,1.92744e-06,0.0285972,458,34674427.3953,0.161826,2400.98,34674427.3953
starcash-network,66.6141276186,988340.572505,starcash-network,7.41029e-05,1.09945,459,898940.9,0.413839,6140.06,825713.065972
blakestar,65.1640096589,966827.798508,blakestar,2.26706e-07,0.0033636,460,287438398.89,0.945888,14034.0,287438398.89
litecoin-ultra,64.8091269161,961559.269991,litecoin-ultra,7.66763e-06,0.113763,461,8452302.3302,1.51462,22472.2,952302.3302
nyancoin,64.0374954099,950112.712602,nyancoin,2.00789e-07,0.00297907,462,318929300.957,0.131445,1950.23,318929300.957
tagcoin,63.6158245565,943861.293304,tagcoin,1.05576e-05,0.156642,464,6025595.26375,0.237444,3522.92,6025595.26375
litecoin-plus,62.6534469431,929580.151416,litecoin-plus,7.36342e-05,1.0925,465,850874.280472,2.00749,29784.8,850874.280472
purevidz,59.8902467622,888580.626224,purevidz,4.78052e-07,0.00709277,466,125279774.506,0.184632,2739.36,125279774.506
lanacoin,59.0981482381,876831.965142,lanacoin,6.95672e-08,0.00103216,467,849511669.84,0.993086,14734.2,849511669.84
prime-xi,58.7093107658,871061.669292,prime-xi,3.20609e-06,0.0475683,468,18311809.951,0.629279,9336.5,18311809.951
ambercoin,58.1203094728,862321.854757,ambercoin,1.33e-06,0.019733,469,43699480.8066,0.0483577,717.475,43699480.8066
truckcoin,57.9656067942,860026.861035,truckcoin,3.57518e-07,0.00530444,470,162133394.107,0.286671,4253.29,162133394.107
motocoin,57.6337878679,855100.234396,motocoin,1.86903e-06,0.0277304,471,30836202.6655,0.270581,4014.56,18305572.4711
goldreserve,56.8231940853,843075.364967,goldreserve,3.30918e-06,0.0490977,472,17171382.06,0.166056,2463.75,17171382.06
blakecoin,56.6496234874,840501.359818,blakecoin,3.746e-06,0.0555788,473,15122697.1402,0.282505,4191.48,15122697.1402
pakcoin,56.5357985995,838813.75655,pakcoin,1.22809e-06,0.018221,474,46035550.0,0.171311,2541.71,46035550.0
prototanium,54.2529842964,804942.764633,prototanium,0.000276689,4.10519,475,196079.295875,0.0883678,1311.1,196079.295875
mineum,53.9171782495,799960.264885,mineum,5.62436e-06,0.0834477,476,9586366.84876,0.0954662,1416.42,9436366.84876
c-bit,52.7928461844,783279.226826,c-bit,3.34925e-07,0.00496923,477,157625875.0,1.19146,17677.4,157625875.0
ganjacoin,52.0919210413,772880.099504,ganjacoin,1.1701e-05,0.173606,478,4451920.43768,5.20957,77293.5,4451920.43768
ratecoin,51.8985576267,770009.133496,ratecoin,4.45835e-07,0.00661477,479,116407544.555,0.590359,8759.06,116407544.555
bolivarcoin,51.5731028509,765181.020794,bolivarcoin,5.94969e-06,0.0882745,480,8668199.9988,0.159975,2373.52,8668199.9988
droxne,51.3870417561,762420.963945,droxne,6.03891e-07,0.00895983,481,85093239.9325,0.794991,11795.1,64526018.9325
coin2-1,51.2721574163,760716.842417,coin2-1,5.12843e-07,0.00760897,482,99976323.0,1.15618,17154.0,99976323.0
guncoin,50.3852210986,747558.666586,guncoin,2.53408e-07,0.00375978,483,198830428.0,0.180644,2680.19,198830428.0
808coin,50.370621089,747342.369333,808coin,1.26617e-08,0.00018786,484,3978187849.1,0.804737,11939.7,3978187849.1
trumpcoin,49.739232115,737973.7766,trumpcoin,7.59386e-06,0.112669,485,6549927.45653,0.938529,13924.8,6549927.45653
scorecoin,49.4649433124,733901.956483,scorecoin,1.63e-06,0.024184,486,30346590.9892,0.307507,4562.42,30346590.9892
digicube,48.5825201835,720811.564584,digicube,2e-08,0.000296737,487,2429126009.17,1.53569,22784.8,2429126009.17
marscoin,48.5045505155,719651.530967,marscoin,1.71521e-06,0.0254482,488,28279074.0,1.47396,21868.9,28279074.0
cannation,48.3283876698,717038.150183,cannation,1.95117e-05,0.289491,489,2476892.71923,0.37688,5591.71,2476892.71923
mojocoin,47.9732240342,711771.126621,mojocoin,3.94923e-06,0.0585941,490,12147488.0,0.746197,11071.2,12147488.0
bitcurrency,47.4876125196,704565.227023,bitcurrency,2.8e-07,0.00415431,491,169598616.141,0.107427,1593.88,169598616.141
mutual-coin,47.1816648786,700025.783319,mutual-coin,2.2e-08,0.00032641,492,2144621130.84,25.8854,384057.0,2080544551.22
wayguide,46.0187258787,682771.832605,wayguide,4.6e-07,0.00682494,493,100040708.432,0.0404482,600.123,100040708.432
cryptojacks,44.7209176256,663519.924043,cryptojacks,1.09996e-07,0.001632,494,406568580.908,1.3462,19973.3,406568580.908
halcyon,43.389319065,643757.355509,halcyon,8.05e-06,0.119436,495,5389977.5236,0.0341053,506.014,5389977.5236
sativacoin,43.179633669,640648.835032,sativacoin,6.09207e-06,0.090387,496,7087842.66579,0.130396,1934.66,7087842.66579
eryllium,41.7621807546,619617.289577,eryllium,2.68634e-06,0.0398567,498,15546126.2367,0.64935,9634.3,5546126.23666
tigercoin,41.359959958,613651.195377,tigercoin,9.5e-07,0.014095,499,43536799.9558,0.0493041,731.516,43536799.9558
sterlingcoin,40.9359607962,607358.706274,sterlingcoin,9.7182e-06,0.144187,500,4212298.65574,0.230596,3421.31,4212298.65574
paycoin2,40.5983927647,602351.133328,paycoin2,3.43e-06,0.0508903,501,11836266.1122,0.0735818,1091.72,11836266.1122
levoplus,38.9898390136,578485.090545,levoplus,4.19865e-07,0.00622946,502,92862798.7892,0.213167,3162.73,1862798.78918
wyvern,38.883229976,576903.076824,wyvern,2.1e-05,0.311573,503,1851582.37981,0.159977,2373.55,1851582.37981
tristar-coin,38.2541784966,567569.595518,tristar-coin,1.5e-07,0.00222552,504,255027856.644,0.29278,4343.92,5027856.6437
virtacoinplus,37.1717027223,551510.690402,virtacoinplus,3.40131e-06,0.0504647,505,10928643.0,0.129753,1925.12,10928643.0
philosopher-stones,36.627333406,543433.550975,philosopher-stones,6.09e-06,0.0903563,506,6014340.46076,0.12535,1859.79,6014340.46076
gameunits,36.4798610089,541243.486616,gameunits,1.05039e-05,0.155844,507,3472982.5121,0.143022,2121.99,3472982.5121
reecoin,36.1889153906,536928.874363,reecoin,5.43184e-09,8.05913e-05,508,6662367704.24,0.311864,4627.07,2560000000.0
litebar,35.6924443325,529563.255731,litebar,4.27936e-05,0.634922,510,834060.334547,0.14677,2177.6,834060.334547
coinonat,35.540935488,527315.46336,coinonat,3.51084e-06,0.0520898,511,10123200.0,2.1639,32105.5,8623200.0
berncash,34.902955306,517849.14724,berncash,4.89974e-07,0.00726966,512,71234300.8119,0.0845418,1254.33,71234300.8119
swing,34.1606195507,506834.474904,swing,1.19275e-05,0.176966,513,2864021.7607,0.0409305,607.279,2864021.7607
catcoin,33.1538848727,491898.559952,catcoin,5.3e-06,0.0786352,514,6255449.97599,0.966868,14345.3,6255449.97599
grimcoin,32.8448254177,487311.540796,grimcoin,7.14845e-07,0.010606,515,45946779.2567,1.21918,18088.8,31780040.8067
blazecoin,32.6648657978,484642.937036,blazecoin,5.36759e-08,0.00079638,516,608557393.5,0.20301,3012.02,608557393.5
aricoin,32.4268677737,481113.016225,aricoin,2.31187e-07,0.00343009,517,140262505.131,0.13,1928.78,140262505.131
ammo-rewards,31.88888857,473129.995269,ammo-rewards,4.1e-07,0.0060831,518,77777777.0,0.294882,4375.11,77777777.0
emerald,31.866725295,472801.020235,emerald,1.66692e-06,0.0247318,519,19117129.3733,0.0582624,864.429,19117129.3733
briacoin,31.8514238848,472574.484697,briacoin,4.95036e-05,0.734477,520,643416.31487,0.200873,2980.31,643416.31487
zurcoin,31.5550922401,468177.644384,zurcoin,3.6e-07,0.00534126,521,87653034.0003,0.0343577,509.759,87653034.0003
btctalkcoin,31.339504672,464979.007567,btctalkcoin,4.8e-07,0.00712168,522,65290634.7332,0.0491851,729.751,65290634.7332
mao-zedong,31.1645214709,462382.39545,mao-zedong,5e-06,0.0741841,523,6232904.29418,0.0580214,860.854,6232904.29418
kayicoin,31.0728094736,461019.680252,kayicoin,1.09284e-07,0.00162142,524,284330821.288,1.34307,19926.9,284330821.288
postcoin,29.8768672046,443279.080396,postcoin,1.88281e-06,0.027935,525,15868232.6972,0.485022,7196.18,15868232.6972
darsek,29.4830304179,437434.649705,darsek,1.85142e-06,0.0274692,526,15924550.0308,0.0401477,595.664,15924550.0308
globalboost-y,29.4134081506,436402.116529,globalboost-y,2.19114e-06,0.0325096,527,13423792.25,0.0612256,908.394,13423792.25
chancoin,28.9619316818,429703.272046,chancoin,4.06326e-06,0.0602859,528,7127757.43658,0.713467,10585.6,7127757.43658
mincoin,28.7598182555,426704.905451,mincoin,7.03647e-06,0.104399,529,4087250.88795,0.109604,1626.17,4087250.88795
helleniccoin,28.3762719557,421014.034847,helleniccoin,4.40257e-07,0.00653202,530,64453880.2465,0.199404,2958.52,64453880.2465
eurocoin,28.0806587173,416627.55134,eurocoin,2.26155e-06,0.0335542,531,12416554.4504,0.157855,2342.07,12416554.4504
global-tour-coin,27.8338621751,412966.52376,global-tour-coin,3.1e-07,0.00459942,532,89786652.1779,0.261267,3876.37,29887402.1779
chronos,25.782261731,382527.262988,chronos,3.49685e-07,0.00518822,535,73729961.9115,0.247191,3667.53,73729961.9115
quatloo,25.3176269795,375633.258594,quatloo,3.27996e-06,0.0486642,538,7718882.84599,0.0585774,869.103,7718882.84599
torcoin-tor,25.0073915001,371030.719152,torcoin-tor,1.9e-05,0.2819,539,1316178.50001,0.148764,2207.18,316178.500006
globaltoken,24.9856411614,370706.36067,globaltoken,9.08506e-07,0.0134793,540,27501900.0,0.308657,4579.49,27501900.0
icobid,24.2162037303,359290.818538,icobid,2.26952e-07,0.00336724,541,106701874.098,0.193652,2873.19,106701874.098
roofs,23.98134,355807.2,roofs,3.99689e-08,0.000593012,542,600000000.0,0.219625,3258.53,130000000.0
vaperscoin,23.9181174359,354867.900687,vaperscoin,1.46277e-08,0.000217028,543,1635124964.0,0.447921,6645.73,780124964.0
soilcoin,23.6243831507,350511.162813,soilcoin,4.14314e-06,0.0614711,544,5702048.0,0.411754,6109.13,5702048.0
bitgem,23.6131679225,350344.138182,bitgem,0.000395434,5.86698,545,59714.561526,0.198708,2948.2,59714.561526
hexx,23.2010015827,344229.267056,hexx,1.54622e-05,0.22941,546,1500498.091,0.106385,1578.41,1500498.091
independent-money-system,22.2671152015,330373.570657,independent-money-system,4.1474e-06,0.0615343,547,5368933.59731,0.0970189,1439.45,5368933.59731
leacoin,21.9372825991,325480.235131,leacoin,6.84505e-08,0.00101559,549,320483891.266,0.0931799,1382.49,320483891.266
compucoin,21.8081746179,323563.474015,compucoin,1.11181e-06,0.0164957,550,19615019.309,0.602915,8945.34,19615019.309
x-coin,21.6394016165,321060.686838,x-coin,1.74723e-06,0.0259234,551,12384976.0,0.270056,4006.77,12384976.0
printerium,21.475823741,318633.395971,printerium,1.81664e-06,0.0269532,552,11821727.8828,0.531071,7879.42,11821727.8828
ronpaulcoin,21.3647459592,316984.705911,ronpaulcoin,2.37394e-05,0.352217,553,899969.921699,0.380199,5640.95,899969.921699
cachecoin,21.3003219117,316029.371465,cachecoin,5.07739e-06,0.0753324,554,4195132.12728,0.35046,5199.72,4195132.12728
parallelcoin,21.1315264285,313524.803037,parallelcoin,6.99779e-05,1.03825,556,301974.286575,0.0665287,987.074,301974.286575
project-x,21.10606678,313147.380278,project-x,19.0,281900.0,557,1.11084562,0.37477,5560.4,0.078264
ecocoin,21.0125833787,311759.462365,ecocoin,1.82106e-05,0.270187,558,1153865.51672,0.326996,4851.59,1152087.48517
sling,20.9448528315,310755.022128,sling,1.95e-05,0.289318,559,1074095.017,0.0823537,1221.87,1074095.017
metal-music-coin,20.6570628343,306485.815851,metal-music-coin,2.59123e-07,0.00384457,560,79719140.4633,0.0411141,610.003,79719140.4633
virta-unique-coin,20.4611240834,303577.892118,virta-unique-coin,3.32504e-07,0.0049333,561,61536475.0,0.859308,12749.4,61536475.0
gpu-coin,20.2831873114,300938.295382,gpu-coin,3.93619e-07,0.00584006,562,51530000.6133,0.0593609,880.728,40477041.6133
tekcoin,20.0520007096,297508.595416,tekcoin,1.41805e-08,0.000210394,564,1414054561.52,0.347985,5162.99,1414054561.52
marijuanacoin,20.0459448726,297418.6689,marijuanacoin,1.24517e-05,0.184744,565,1609896.22883,0.275689,4090.35,1609896.22883
doubloon,19.846194257,294454.460101,doubloon,1.07e-06,0.0158754,566,18547845.1,0.420322,6236.25,18547845.1
securecoin,19.8192318757,294055.068523,securecoin,2.38101e-06,0.0353267,567,8323875.95,0.112471,1668.71,8323875.95
argentum,19.2872402625,286161.472277,argentum,2.20841e-06,0.0327658,568,8733541.44495,0.124921,1853.43,8733541.44495
beatcoin,18.9786713071,281583.289642,beatcoin,7.51724e-06,0.111532,569,2524686.09585,0.596852,8855.39,1524686.09585
piecoin,18.8899077591,280265.87286,piecoin,1.69e-06,0.0250742,570,11177460.2125,0.42916,6367.37,11177460.2125
goldpieces,18.3913639543,272870.693624,goldpieces,1.50729e-05,0.223635,571,1220160.94808,0.55323,8208.18,1220160.94808
honey,18.3551314125,272332.0455,honey,4.90943e-05,0.728404,572,373875.0,0.0832399,1235.02,373875.0
corgicoin,18.1630450742,269480.656556,corgicoin,1.45089e-08,0.000215265,573,1251855418.0,0.150681,2235.62,1251855418.0
argus,17.9229244835,265919.175507,argus,3.45045e-06,0.0511937,574,5194373.048,0.557716,8274.74,1148324.048
bumbacoin,17.4875457639,259460.50063,bumbacoin,7.75716e-07,0.0115092,576,22543747.6653,0.175189,2599.26,22543747.6653
allion,17.4410196693,258769.4376,allion,2.38156e-06,0.0353348,577,7323359.3398,0.0592144,878.553,6199359.3398
jin-coin,16.2500009806,241098.802428,jin-coin,1.65e-06,0.0244808,579,9848485.4428,0.035002,519.319,9848485.4428
flaxscript,16.2477494281,241065.002891,flaxscript,2.90515e-06,0.0431032,580,5592740.28125,0.636356,9441.51,5592740.28125
acoin,16.0403349167,237987.331476,acoin,1.31469e-05,0.195058,581,1220084.95666,0.141478,2099.09,1220084.95666
sixeleven,16.0287329302,237815.658349,sixeleven,3.69349e-05,0.547997,582,433972.555231,0.104346,1548.16,433972.555231
money,16.0161532003,237628.791529,money,3.49033e-07,0.00517854,583,45887217.5419,0.285774,4239.98,45887217.5419
aerium,15.805168252,234498.45213,aerium,8.18457e-06,0.121433,584,1931093.29531,0.58515,8681.77,1521491.80761
luna-coin,15.7115252865,233108.911174,luna-coin,9.22604e-06,0.136885,585,1702954.38634,0.284441,4220.2,1702954.38634
mustangcoin,15.6609409233,232358.387168,mustangcoin,2.48451e-05,0.368622,586,630343.24367,0.224847,3336.02,630343.24367
cthulhu-offerings,15.6412676178,232066.867949,cthulhu-offerings,5.96473e-06,0.0884977,587,2622292.64658,0.121597,1804.11,2622292.64658
gold-pressed-latinum,15.122256221,224366.311804,gold-pressed-latinum,5.895e-05,0.874631,588,256526.823088,0.19388,2876.56,256526.823088
slevin,14.7000000051,218101.100076,slevin,2.1e-07,0.00311573,589,70000000.0245,9.53322,141443.0,70000000.0245
debitcoin,14.5340267065,215638.844422,debitcoin,5.59009e-07,0.00829392,590,25999629.1768,0.061468,911.99,17999629.1768
votecoin,14.00343125,207766.438263,votecoin,8.5e-07,0.0126113,592,16474625.0,0.149067,2211.68,16474625.0
solarflarecoin,13.9293207232,206667.587025,solarflarecoin,9.89056e-07,0.0146745,593,14083450.0,0.36515,5417.67,14083450.0
bipcoin,13.9142873261,206444.117809,bipcoin,8.55074e-06,0.126866,594,1627261.18747,0.191535,2841.77,1627261.18747
tajcoin,13.8964774972,206179.847561,tajcoin,1.71552e-06,0.0254529,595,8100446.21875,0.0918712,1363.08,8100446.21875
comet,13.866824776,205739.99628,comet,1.58872e-05,0.235716,596,872830.0,1.17024,17362.7,872830.0
iconic,13.6246933194,202147.049053,iconic,2.298e-05,0.34095,597,592893.53,0.465489,6906.39,592893.53
neuro,13.3091558161,197465.726651,neuro,3e-07,0.00445105,598,44363852.7203,0.316916,4702.02,42363852.7203
paycon,13.0845583406,194133.477848,paycon,5.67842e-07,0.00842498,599,23042604.0,0.152263,2259.1,23042604.0
fuzzballs,12.9909581681,192744.751159,fuzzballs,2.68967e-06,0.0399062,600,4829945.0,0.35878,5323.16,4829945.0
bitcoal,12.76434,189382.05,bitcoal,2.83652e-06,0.0420849,601,4500000.0,0.113776,1688.08,4500000.0
nevacoin,12.567916368,186468.275304,nevacoin,5.0064e-06,0.0742792,602,2510370.0,0.0812003,1204.76,2510370.0
b3coin,12.3738186029,183587.603295,b3coin,2.0126e-08,0.000298605,603,614817579.393,38.6245,573065.0,492015293.693
quazarcoin,12.0898214163,179374.86688,quazarcoin,2e-06,0.0296737,605,6044910.70815,0.259281,3846.91,6044910.70815
warp,12.03651176,178583.939768,warp,1.099e-05,0.163057,606,1095224.0,0.841306,12482.3,1095224.0
zetamicron,12.006885829,178144.364012,zetamicron,2e-08,0.000296737,607,600344291.45,0.0905305,1343.19,600344291.45
usde,11.3423610379,168284.342248,usde,1e-08,0.000148368,608,1134236103.79,0.146802,2178.08,1134236103.79
milocoin,11.2278100358,166586.095391,milocoin,1.04058e-06,0.015439,609,10789953.7141,2.68345,39814.0,10789953.7141
geysercoin,10.2426167761,151967.709325,geysercoin,1.709e-05,0.253561,612,599333.924874,0.08403,1246.74,46863.9
digital-rupees,10.2160592188,151574.138221,digital-rupees,2e-08,0.000296737,613,510802960.94,0.130895,1942.06,510802960.94
healthywormcoin,10.1104813836,150006.965514,healthywormcoin,9e-08,0.00133531,614,112338682.04,3.40796,50563.3,112338682.04
playercoin,10.0120000004,148546.041607,playercoin,1e-07,0.00148368,616,100120000.005,0.0461644,684.933,35120000.0045
kronecoin,9.71630681039,144158.904908,kronecoin,2.35693e-06,0.0349693,617,4122441.82491,0.309705,4595.04,4122441.82491
theresa-may-coin,9.4618581624,140383.889676,theresa-may-coin,3.53598e-07,0.00524627,618,26758800.0,0.03379,501.337,26758800.0
spots,8.56730071766,127111.82316,spots,3.82366e-07,0.00567311,619,22406021.2405,0.0870976,1292.25,22406021.2405
benjirolls,8.46979296378,125664.774158,benjirolls,4.17723e-07,0.00619768,620,20276099.1465,0.0357766,530.812,20276099.1465
digital-credits,8.05137265176,119456.807044,digital-credits,4e-08,0.000593473,621,201284316.294,0.0406378,602.937,5826388.00985
allsafe,7.19803579825,106795.788122,allsafe,8.96393e-07,0.0132996,623,8030000.0092,0.0668987,992.564,8030000.0092
bitvolt,6.61459194372,98139.4980158,bitvolt,1.1e-07,0.00163205,625,60132654.0338,0.0707031,1049.01,15112554.0338
rupaya,6.48396058575,96201.537848,rupaya,1.05699e-06,0.0156824,626,6134363.22553,0.196868,2920.89,6134363.22553
litecred,6.34782750538,94181.5075873,litecred,2.1e-07,0.00311573,628,30227750.0256,0.0354214,525.542,30227750.0256
blackstar,6.30795971028,93589.9366294,blackstar,1e-08,0.000148368,629,630795971.028,0.0398112,590.672,630795971.028
anarchistsprime,6.23267817839,92472.9791346,anarchistsprime,1.41817e-06,0.0210411,630,4394873.80102,1.26152,18716.9,4394873.80102
bnrtxcoin,6.20418395595,92050.2824317,bnrtxcoin,2.29606e-07,0.00340662,631,27021001.0015,0.230309,3417.06,27021001.0015
geertcoin,5.60637810404,83181.0375498,geertcoin,1.10119e-06,0.0163382,632,5091199.615,0.185912,2758.34,5091199.615
credence-coin,5.53620376555,82139.7325688,credence-coin,6e-07,0.0089021,633,9227006.27591,0.0586038,869.495,3427006.17591
women,5.41996180219,80415.2401291,women,1.22567e-07,0.00181851,634,44220400.2887,0.34651,5141.1,44220400.2887
ride-my-car,5.06384878263,75131.4128951,ride-my-car,5e-08,0.000741841,635,101276975.653,0.0863568,1281.26,101276975.653
braincoin,4.64343517212,68893.8400948,braincoin,4.6e-07,0.00682494,636,10094424.2872,0.095646,1419.08,10094424.2872
enigma,4.50995731209,66913.135301,enigma,6.769e-05,1.0043,637,66626.6407458,0.262294,3891.6,16626.6407458
gamebet-coin,4.45255604689,66061.9061843,gamebet-coin,2e-07,0.00296737,639,22262780.2345,0.0376085,557.99,21262780.2345
impact,4.38036575697,64990.7201722,impact,4e-08,0.000593473,640,109509143.924,0.0375351,556.902,109509143.924
coimatic-2,2.91398457547,43234.1683725,coimatic-2,9.67049e-08,0.00143479,644,30132750.0,0.0643155,954.238,13532750.0
elysium,2.20275664255,32681.8998043,elysium,5.5e-07,0.00816025,645,4005012.07736,0.10263,1522.7,4005012.07736
xonecoin,2.1,31157.322,xonecoin,5e-06,0.0741841,646,420000.0,0.0786167,1166.42,420000.0
frazcoin,1.99777840669,29640.6971359,frazcoin,2.05e-07,0.00304155,648,9745260.52044,0.0344246,510.753,9545260.52044
digital-money-bits,1.354769,20100.499227,digital-money-bits,1.3e-07,0.00192879,649,10421300.0,0.169015,2507.65,421300.0
rawcoin2,1.12958750264,16759.4858966,rawcoin2,1.60252e-06,0.0237763,650,704882.0,0.176075,2612.39,704882.0
valorbit,9223428.51788,1.36846164234e+11,valorbit,1e-08,0.000148368,652,9.22342851788e+14,0.0009,13.3531,5651788477.38
advanced-internet-blocks,50516.3749135,749503078.23,advanced-internet-blocks,1.60818e-06,0.0238603,655,31412139756.4,0.0102391,151.916,23876767.4059
fincoin,9713.16822356,144112614.179,fincoin,5.35787e-06,0.0794938,657,1812878667.0,0.0222486,330.098,12878667.0
virtacoin,2300.62874259,34134047.0629,virtacoin,1.81625e-07,0.00269474,658,12666916683.2,0.00132628,19.6778,5201310113.21
wmcoin,1403.75233341,20234269.5113,wmcoin,1.54e-06,0.0221982,660,911527489.225,0.0,0.0,11527489.2253
crtcoin,483.804974555,7178133.77331,crtcoin,4.8e-05,0.712168,664,10079270.3032,0.00200115,29.6908,79270.303222
fimkrypto,357.980492253,5311298.36551,fimkrypto,4.03861e-07,0.00599202,665,886395300.0,0.00040265,5.97405,577004618.0
tychocoin,281.77155072,4180585.26197,tychocoin,7.04e-06,0.104451,666,40024368.0,0.014652,217.389,5024368.0
ulatech,241.19272081,3578535.7482,ulatech,4.45e-06,0.0660239,667,54200611.418,0.0232999,345.696,200611.418
yashcoin,200.005884282,2967457.30422,yashcoin,2e-05,0.296737,668,10000294.2141,0.00087967,13.0515,10000294.2141
cryptcoin,193.029695128,2749234.53803,cryptcoin,3.18e-05,0.452913,670,6070116.19898,0.0,0.0,6070116.19898
bitcoin-21,148.955257523,2217986.34316,bitcoin-21,2.1e-05,0.312696,671,7093107.50108,0.0,0.0,793107.501077
shorty,125.000000163,1854600.00242,shorty,1.25e-06,0.018546,672,100000000.13,0.00144828,21.4879,100000000.13
metalcoin,89.2336118513,1323942.17542,metalcoin,1.16e-06,0.0172107,675,76925527.458,0.00112423,16.68,76925527.458
universe,85.5251779932,1268923.34582,universe,3.5413e-06,0.0525417,676,24150785.8677,0.0243949,361.944,12950785.8677
abjcoin,85.3826815914,1266803.9627,abjcoin,9.21541e-06,0.136727,677,9265207.03815,0.0214253,317.883,8265187.03915
gaia,63.2232258439,938032.996399,gaia,2.62322e-06,0.0389203,679,24101381.4487,0.0159648,236.867,24101381.4487
agrolifecoin,62.3819930021,925551.233173,agrolifecoin,3e-07,0.00445105,680,207939976.674,0.0120303,178.492,7939976.6736
stress,50.8620898736,754629.524768,stress,9e-08,0.00133531,681,565134331.929,0.00157583,23.3803,565134331.929
unicoin,47.8543050765,710008.377421,unicoin,1.60767e-05,0.238528,682,2976624.8718,0.0261893,388.566,2976624.8718
globalcoin,46.2714170822,686517.936178,globalcoin,7.1e-07,0.0105341,684,65171009.975,0.0138809,205.949,65171009.975
swagbucks,40.5787257561,602062.637463,swagbucks,0.00012091,1.79393,686,335610.9979,0.0296091,439.306,335610.9979
asiadigicoin,39.9,591990.0,asiadigicoin,1.9e-07,0.002819,687,210000000.0,0.0247014,366.49,24931054.0
evil-coin,39.7442887523,589680.594215,evil-coin,1.89075e-06,0.0280528,688,21020382.7858,0.0262956,390.144,21020382.7858
bitz,39.7182716835,589293.725662,bitz,1.995e-05,0.295995,689,1990890.8112,0.0249579,370.296,1990890.8112
virtualcoin,30.9980028805,459911.732738,virtualcoin,3.08e-06,0.0456974,690,10064286.6495,0.007465,110.757,10064286.6495
joincoin,28.3096165,420024.190988,joincoin,9.32e-06,0.138279,691,3037512.5,0.0001236,1.83383,3037512.5
icoin,27.530385125,408463.052324,icoin,9.4e-07,0.0139466,693,29287643.75,0.00947429,140.568,29287643.75
sproutsextreme,28.6660758584,395342.451986,sproutsextreme,1e-08,0.000137913,694,2866607585.84,0.0,0.0,2866607585.84
flycoin,25.7962756358,382734.347625,flycoin,0.00012237,1.81558,695,210805.553941,0.00033961,5.03873,210805.553941
octocoin,25.4659045946,377833.030184,octocoin,4.97823e-07,0.00738611,696,51154536.0391,0.0165308,245.265,51154536.0391
franko,22.17086994,328945.157771,franko,2.382e-05,0.353413,697,930767.0,0.0266316,395.129,930767.0
kittehcoin,20.1042142417,321784.661272,kittehcoin,8.40981e-10,1.34606e-05,698,23905669975.5,0.0,0.0,23905669975.5
aquariuscoin,21.508262898,319113.402225,aquariuscoin,1.40548e-05,0.208528,699,1530314.4049,0.00680311,100.937,1530314.4049
secretcoin,21.3547924857,316837.46174,secretcoin,5.05e-06,0.074926,700,4228671.77935,0.027267,404.556,4228671.77935
rubies,21.0326638235,312058.652616,rubies,2.01941e-06,0.0299617,701,10415251.8921,0.00343488,50.9627,10415251.8921
sacoin,20.9793483159,311266.872216,sacoin,2.99e-06,0.0443621,702,7016504.45348,0.00204863,30.3952,7016504.45348
cypher,20.6235223474,305987.509203,cypher,3.24e-06,0.0480713,703,6365284.67511,0.00169265,25.1136,6365284.67511
satoshimadness,20.0068348505,296837.40731,satoshimadness,1e-08,0.000148368,704,2000683485.05,0.030256,448.903,2000683485.05
revolvercoin,18.9054995808,280497.67791,revolvercoin,8.43873e-07,0.0125204,706,22403252.1253,0.0105425,156.417,22403252.1253
islacoin,17.9222577505,265909.38974,islacoin,1.184e-05,0.175668,707,1513704.2019,0.004936,73.2346,1513704.2019
evotion,17.3117195592,256850.852451,evotion,5.4363e-06,0.0806574,708,3184467.29563,0.025433,377.345,3184467.29563
px,16.6987593544,247756.545701,px,1.7e-07,0.00252226,709,98227996.2021,0.0101403,150.449,98227996.2021
applecoin-apw,16.0009703727,237403.197226,applecoin-apw,1e-08,0.000148368,710,1600097037.27,0.0029604,43.9229,97037.2736034
yacoin,15.62331329,231800.695697,yacoin,1.3e-07,0.00192879,711,120179333.0,0.00042119,6.24912,120179333.0
sooncoin,15.5449998046,230638.230768,sooncoin,1.24733e-06,0.0185064,712,12462620.0,0.00767375,113.854,12462620.0
caliphcoin,14.8587140024,220455.767911,caliphcoin,1e-07,0.00148368,713,148587140.024,0.00982776,145.813,87140.02423
antibitcoin,12.0509595649,178797.816593,antibitcoin,6.9e-07,0.0102374,714,17465158.7897,0.0012375,18.3606,17465158.7897
creatio,12.0393650433,178625.944242,creatio,5.86699e-07,0.00870475,715,20520514.0,0.0246187,365.264,20520514.0
bitcoin-planet,11.90724169,176665.464845,bitcoin-planet,1.88e-06,0.0278932,716,6333639.19682,0.0174902,259.5,5835039.19682
cryptoescudo,11.882102,176292.965059,cryptoescudo,2e-08,0.000296737,717,594105100.0,0.00105061,15.5877,144105100.0
firecoin,11.8133687879,175272.641994,firecoin,0.00012004,1.78101,718,98411.9359207,0.00223591,33.1738,98411.9359207
dollarcoin,11.6565940191,172946.517716,dollarcoin,1.28e-06,0.0189911,719,9106714.07746,0.00273094,40.5185,9106714.07746
guccionecoin,11.17450239,165794.189917,guccionecoin,4.7e-07,0.00697331,720,23775537.0,0.00101268,15.025,20285537.0
boostcoin,10.077164093,149513.105324,boostcoin,8.5e-07,0.0126113,723,11855487.1682,0.0283163,420.124,11855487.1682
quebecoin,10.0198238,148662.336466,quebecoin,2.8e-07,0.00415431,724,35785085.0,0.0119696,177.591,14998485.0
vector,9.37326711877,139069.490443,vector,5.6e-07,0.00830862,727,16737976.9978,0.0219183,325.199,16737976.9978
destiny,9.16800014153,136024.0021,destiny,5.73e-06,0.085015,728,1600000.0247,0.00013001,1.92894,1600000.0247
unrealcoin,10.46635898,132537.119376,unrealcoin,1.49e-06,0.0188681,730,7024402.0,0.0,0.0,7024402.0
californium,8.52110009375,126426.089606,californium,3.53e-06,0.052374,731,2413909.375,0.00205889,30.5474,2413909.375
bitquark,7.90110590475,117226.98278,bitquark,8.7e-07,0.012908,732,9081730.925,0.00056201,8.33845,9081730.925
beavercoin,7.38316146,109542.751631,beavercoin,2.37e-06,0.0351633,734,3115258.0,0.00895732,132.898,3115258.0
steps,6.89125629288,102244.452116,steps,3.7e-07,0.00548963,735,18625017.0078,0.00552843,82.0244,18625017.0078
flavorcoin,6.68739397408,99219.8194881,flavorcoin,3.2e-07,0.00474779,736,20898106.169,0.0151678,225.042,20898106.169
abncoin,6.43873913224,95530.5309443,abncoin,1.36e-06,0.0201781,737,4734367.009,0.0191099,283.53,67700.009
songcoin,6.0384858831,89592.350748,songcoin,1.85427e-07,0.00275116,738,32565300.0,0.0122671,182.005,32565300.0
jobscoin,6.000578991,89029.590393,jobscoin,3e-08,0.000445105,739,200019299.7,0.0322895,479.074,106019269.7
dreamcoin,5.86095128935,86957.8797993,dreamcoin,2.39e-06,0.03546,740,2452280.87421,0.00024486,3.63295,2452280.87421
vip-tokens,5.84152818413,86669.919164,vip-tokens,7e-08,0.00103858,741,83450402.6305,0.0170211,252.539,83450402.6305
mindcoin,5.7123702,84753.4845957,mindcoin,3.6e-07,0.00534126,742,15867695.0,0.00612686,90.9032,15867695.0
jewels,5.65085804279,83840.7716991,jewels,2.8e-07,0.00415431,743,20181635.8671,0.000196,2.90802,20181635.8671
pulse,5.4336091776,80617.4584401,pulse,3.8e-07,0.00563799,744,14298971.52,0.0038897,57.7108,14298971.52
billarycoin,5.75511024718,76232.4601049,billarycoin,6.4e-07,0.00847747,745,8992359.76121,0.0,0.0,8992359.76121
cashcoin,4.69062546463,69594.0183642,cashcoin,9.89834e-08,0.0014686,746,47388001.0651,0.016141,239.481,47388001.0651
morningstar-payments,4.56210687083,67687.2247615,morningstar-payments,1.39e-07,0.00206232,747,32820912.7398,0.00396584,58.8404,32820912.7398
speedcash,4.34472007367,64462.1014312,speedcash,9.11e-06,0.135164,749,476917.680974,0.0280623,416.356,261830.680974
uro,4.841314704,64073.5324315,uro,4.01e-06,0.0530713,750,1207310.4,0.0,0.0,1207310.4
ego,4.20000003931,62314.8005832,ego,7e-08,0.00103858,751,60000000.5615,0.0180238,267.416,60000000.5615
plncoin,4.199712,62310.36336,plncoin,2.2e-07,0.0032641,752,19089600.0,0.00053999,8.01174,17089600.0
cryptoworldx-token,4.174114,61930.733116,cryptoworldx-token,7e-08,0.00103858,753,59630200.0,0.00607589,90.1469,59630200.0
orlycoin,4.03114568202,59809.3755485,orlycoin,1.1e-07,0.00163205,754,36646778.9274,0.0012771,18.9481,36646778.9274
crypto,3.76641108827,55881.6135815,crypto,3e-07,0.00445105,756,12554703.6276,0.00854597,126.795,12554703.6276
bios-crypto,3.53969053261,52517.763781,bios-crypto,1.7e-07,0.00252226,758,20821709.0153,0.00050188,7.44631,20821709.0153
impulsecoin,3.84664690506,52024.2797501,impulsecoin,1.9e-07,0.00256967,759,20245510.0266,0.0,0.0,20245510.0266
osmiumcoin,3.46882088,51466.3053394,osmiumcoin,3.88e-06,0.0575669,760,894026.0,0.0109587,162.593,894026.0
nodecoin,3.35071025116,49713.9001525,nodecoin,5.7e-07,0.00845699,761,5878439.03712,0.00049875,7.39987,1678439.03712
high-voltage,3.2697494904,48512.7479962,high-voltage,1.93e-06,0.0286351,762,1694170.72042,0.0110621,164.126,1494170.72042
rsgpcoin,3.19355601047,47382.2448388,rsgpcoin,0.00148035,21.9637,763,2157.29794337,0.025205,373.963,1727.89794337
ponzicoin,3.15162234659,47012.0444429,ponzicoin,3.66e-06,0.0545954,764,861099.0018,0.0,0.0,861099.0018
bowscoin,3.16355837738,46937.160635,bowscoin,5.7e-07,0.00845699,765,5550102.41646,0.00594661,88.2288,5550102.41646
genstake,3.47846986,46075.9630034,genstake,4.6e-07,0.00609318,766,7561891.0,0.0,0.0,7561891.0
zayedcoin,2.87216640026,42613.8333734,zayedcoin,4.6e-07,0.00682494,767,6243840.00056,0.0049172,72.9557,6243840.00056
wild-beast-block,2.8645413923,42500.7577409,wild-beast-block,1.604e-05,0.237983,768,178587.368597,0.0071938,106.733,178587.368597
arbit,2.7326871,40544.3962638,arbit,3.4e-07,0.00504452,769,8037315.0,0.0170799,253.412,8037315.0
tagrcoin,2.70687436582,40161.5082693,tagrcoin,7e-08,0.00103858,770,38669633.7974,0.00448057,66.4774,38669633.7974
letitride,2.54717407178,37792.0578209,letitride,7e-08,0.00103858,771,36388201.0254,0.00189,28.0416,36388201.0254
zonecoin,2.47869156831,36776.0369625,zonecoin,9.6e-07,0.0142434,772,2581970.38365,0.006699,99.3919,2581970.38365
posex,2.45324013869,36398.2332897,posex,1e-06,0.0148368,773,2453240.13869,0.0007,10.3858,2453240.13869
kingn-coin,2.23890354593,33218.2405788,kingn-coin,0.00089265,13.2441,774,2508.15386314,0.00361376,53.6167,2008.15386314
antilitecoin,1.89075679547,28052.8434482,antilitecoin,6e-08,0.00089021,777,31512613.2578,0.00537731,79.7822,31512613.2578
gbcgoldcoin,1.83022960667,27154.8555569,gbcgoldcoin,1.61086e-07,0.00239001,778,11361816.7108,0.000644357,9.56021,11361816.7108
ibank,1.76526636,26190.9401406,ibank,3.9e-07,0.00578636,779,4526324.0,0.0273967,406.481,4526324.0
pizzacoin,1.72174592134,25545.2403974,pizzacoin,1.7e-07,0.00252226,780,10127917.1844,0.0155352,230.492,1377917.18436
sojourn,1.65359004,24533.9915244,sojourn,1.94e-06,0.0287834,781,852366.0,0.0287013,425.836,485214.0
sydpak,1.58358932796,23495.5069128,sydpak,9.9e-06,0.146885,782,159958.517975,0.0014023,20.8057,159958.517975
p7coin,1.40880952,20902.2603066,p7coin,4e-08,0.000593473,784,35220238.0,0.001264,18.7537,35220238.0
cabbage,1.2599995092,18694.4027181,cabbage,1.2e-07,0.00178042,785,10499995.91,0.00753296,111.765,10499995.91
biobar,1.19276509154,17760.5679399,biobar,1.21e-06,0.0180172,786,985756.274,0.0,0.0,885756.274
concoin,1.19644928352,17751.4787297,concoin,7.5e-07,0.0111276,787,1595265.71136,0.0283316,420.351,744265.711357
selfiecoin,1.07829280731,15998.4147235,selfiecoin,1e-08,0.000148368,788,107829280.731,0.00780145,115.749,107829280.731
socialcoin-socc,0.88632232623,13150.2120176,socialcoin-socc,6.4e-07,0.00949557,789,1384878.63473,0.0117904,174.933,1384878.63473
save-and-gain,0.67425600858,10003.8138073,save-and-gain,2.2e-07,0.0032641,791,3064800.039,0.0160706,238.437,3064800.039
