,CirculatingSupply,MktCapBTC,MktCapUSD,Names,Platform,PricesBTC,PricesUSD,Rank,TotalSupply,Vol24BTC,Vol24USD,VolRatio,SupplyRatio
salus,1009789.3487200001,6077.25562895,90452991.6795,salus,,0.00601834,89.5761,124,1009789.3487200001,130.565,1943310.0,0.02148419818866451,1.0
elastic,88355631.0,5583.0,83096600.0,elastic,,5.583e-05,0.830966,128,100000000.0,313.565,4667060.0,0.056164271462370303,0.88355631
potcoin,219118200.73599997,5328.38493458,79306984.2198,potcoin,,2.43174e-05,0.361937,130,219118200.73599997,422.869,6293910.0,0.07936135842155306,1.0
pascal-coin,16644100.0,5041.664331,75039425.527,pascal-coin,,0.00030291,4.50847,134,16644100.0,226.265,3367700.0,0.044879074917601354,1.0
blackcoin,76587743.3951,4862.99237829,72380089.3607,blackcoin,,6.34957e-05,0.945061,137,76587743.3951,306.026,4554850.0,0.06292959901308347,1.0
lomocoin,223191685.307,4612.33512396,68649389.7104,lomocoin,,1.49658e-05,0.222749,139,308191685.307,280.875,4180500.0,0.060896389867930285,0.7241976209860151
gridcoin,390312753.15099996,4365.14073741,64970289.9512,gridcoin,,1.11837e-05,0.166457,143,390312753.15099996,183.913,2737340.0,0.04213218075609714,1.0
omni,560390.241139,4077.82817709,60693761.4279,omni,,0.00661227,98.416,149,616706.241139,99.7566,1484760.0,0.02446314028112745,0.9086826170333715
monetaryunit,121603200.948,3957.9166638,58908968.2543,monetaryunit,,3.25478e-05,0.484436,151,121603200.948,440.514,6556550.0,0.11129969161395746,1.0
geocoin,3369766.0,3821.75271358,56882324.0332,geocoin,,0.00113413,16.8802,152,3369766.0,2278.93,33919200.0,0.5963047497883996,1.0
whitecoin,248612407.193,3640.05855991,54178113.0002,whitecoin,,1.46415e-05,0.217922,153,248612407.193,194.929,2901290.0,0.053550960698636546,1.0
okcash,73577877.9609,3531.39968389,52560872.1665,okcash,,4.79954e-05,0.714357,156,73577877.9609,559.965,8334430.0,0.158567193740594,1.0
bitbean,2297992000.0,3353.5746252,49913994.8344,bitbean,,1.45935e-06,0.0217207,162,2297992000.0,303.433,4516250.0,0.09048063604172725,1.0
global-currency-reserve,103578288.405,3252.45147636,48409073.9168,global-currency-reserve,,3.14009e-05,0.467367,164,103578288.405,488.211,7266460.0,0.15010532968444643,1.0
solaris,902337.004232,3164.73020395,47103423.5825,solaris,,0.00300819,44.7735,166,1052038.0042299998,167.049,2486340.0,0.052784698242692746,0.8577038097520365
luxcoin,775888.19227,3126.25040468,46530647.7822,luxcoin,,0.000827951,12.3231,167,3775888.1922699995,74.3095,1106010.0,0.023769495004174367,0.20548494890775598
vericoin,30566129.6883,3124.74487191,46508505.9499,vericoin,,0.000102229,1.52157,168,30566129.6883,261.987,3899380.0,0.08384229766917257,1.0
steem-dollars,4927803.3719999995,3109.77409056,46285428.0102,steem-dollars,,0.000631067,9.39271,169,4927803.3719999995,224.287,3338260.0,0.07212334731493338,1.0
neoscoin,3641098.0547,3105.90397493,46227745.0123,neoscoin,,0.000853013,12.6961,170,3641098.0547,163.779,2437660.0,0.05273153599318769,1.0
radium,3423162.37744,3064.67169747,45613980.9957,radium,,0.000895275,13.3251,171,3423162.37744,273.349,4068490.0,0.08919392500258931,1.0
stealthcoin,27772921.6982,2695.4370377,40118540.8514,stealthcoin,,9.70527e-05,1.44452,173,27772921.6982,136.08,2025400.0,0.05048538548553219,1.0
internet-of-people,3295367.31518,2679.67117532,39883750.4074,internet-of-people,,0.00077769,11.575,174,3445680.3807699997,363.858,5415620.0,0.1357851241340431,0.956376375931766
sphere,3082940.27603,2420.01562848,36019224.421,sphere,,0.00078497,11.6834,178,3082940.27603,1757.14,26153100.0,0.7260872609114862,1.0
myriad,1541894500.0,2336.34022218,34773884.0901,myriad,,1.51524e-06,0.0225527,179,1541894500.0,119.478,1778290.0,0.051138664734500364,1.0
energycoin,121522931.984,2223.86965532,33099808.5993,energycoin,,1.83e-05,0.272375,183,121522931.984,47.7856,711234.0,0.02148755627593089,1.0
florincoin,141089879.968,2215.64725705,32977360.9146,florincoin,,1.57038e-05,0.233733,184,141089879.968,61.4113,914037.0,0.027717105755279837,1.0
musicoin,541191246.0,2207.70309746,32859130.0495,musicoin,,4.07934e-06,0.0607163,185,541191246.0,173.904,2588350.0,0.07877110550707916,1.0
dynamic,1887926.3809099998,2139.8838056,31849733.4854,dynamic,,0.000461,6.86146,186,4641830.38091,1025.96,15270200.0,0.47944514220189316,0.4067202430908052
cannabiscoin,77231175.5326,1883.55402246,28034501.7808,cannabiscoin,,2.05048e-05,0.30519,189,91859175.5326,592.021,8811550.0,0.31431091834258207,0.8407562454682749
sequence,45278728.735,1833.78851377,27293836.5666,sequence,,4.05e-05,0.602796,191,45278728.735,53.7917,800628.0,0.029333655532316923,1.0
pinkcoin,377277099.491,1742.68872127,25937894.0876,pinkcoin,,4.46526e-06,0.0664602,194,390277099.491,77.4393,1152600.0,0.044436915198563395,0.9666903335682401
bitsend,17733650.0,1674.99999018,24930497.1795,bitsend,,9.44532e-05,1.40583,197,17733650.0,64.759,963863.0,0.038662004735010705,1.0
spreadcoin,9364790.28152,1649.85129264,24556165.7804,spreadcoin,,0.000176176,2.62218,199,9364790.28152,426.149,6342740.0,0.25829521012040835,1.0
atbcoin,40098153.3708,1638.69463267,24390137.6104,atbcoin,,3.1468e-05,0.468366,200,52074953.3708,230.486,3430530.0,0.1406523429591974,0.7700084354426757
vcash,15374974.6444,1554.71743604,23140259.3383,vcash,,0.00010112,1.50506,202,15374974.6444,71.536,1064730.0,0.046012016738193585,1.0
mintcoin,24947260808.0,1500.38065424,22331440.7232,mintcoin,,6.01421e-08,0.000895146,205,24947260808.0,61.0516,908683.0,0.04069074679342003,1.0
dopecoin,116845228.0,1485.33653834,22107467.6733,dopecoin,,1.2712e-05,0.189203,207,116845228.0,113.86,1694670.0,0.07665599810179594,1.0
curecoin,23830355.5184,1403.29814541,20886496.3798,curecoin,,5.8887e-05,0.876466,209,23830355.5184,53.3945,794716.0,0.0380492728674492,1.0
artbyte,792537250.0,1357.34684659,20202487.786,artbyte,,1.71266e-06,0.0254909,210,792537250.0,42.4723,632152.0,0.03129079976170416,1.0
transfercoin,6273657.0,1302.73742336,19389803.4802,transfercoin,,0.000207652,3.09067,214,6273657.0,89.3268,1329530.0,0.06856851341261176,1.0
bulwark,1691299.47026,1286.15296604,19142906.7323,bulwark,,0.000640245,9.52931,215,2008844.99847,41.9807,624835.0,0.03264054977323325,0.8419263166387388
pesetacoin,132161214.41399999,1277.33549409,19011655.0159,pesetacoin,,9.66498e-06,0.143852,216,132161214.41399999,40.8053,607341.0,0.03194571958580476,1.0
memetic,18841947.2995,1265.25812266,18831931.0665,memetic,,6.58673e-05,0.98036,217,19209199.7496,285.343,4247000.0,0.22552121633213498,0.9808814289565786
belacoin,39320825.0,1260.71215532,18764251.5774,belacoin,,3.20622e-05,0.477209,218,39320825.0,113.304,1686410.0,0.08987355520382931,1.0
gcoin,149410535000.0,1224.26394737,18221810.0275,gcoin,,8.19396e-09,0.000121958,220,149410535000.0,63.3373,942702.0,0.051734816605885615,1.0
primecoin,21968939.3503,1157.56098952,17228964.9339,primecoin,,5.26908e-05,0.784242,225,21968939.3503,38.6827,575748.0,0.03341744569153708,1.0
auroracoin,8658139.13597,1124.51045284,16737048.7637,auroracoin,,0.000129879,1.9331,227,8658139.13597,43.6362,649475.0,0.03880463092206603,1.0
synergy,3317672.67253,1120.24203693,16673494.8434,synergy,,0.000337659,5.02566,228,3317672.67253,154.749,2303270.0,0.13813960550158574,1.0
hyperstake,1098597793.0,1086.12431365,16165756.6642,hyperstake,,9.88646e-07,0.0147149,231,1098597793.0,33.5562,499446.0,0.030895306070395822,1.0
bitcoin-plus,104454.643806,1085.58666761,16157671.0318,bitcoin-plus,,0.0103929,154.686,232,104454.643806,30.08,447707.0,0.02770863443864313,1.0
dotcoin,274758500.0,1080.01897541,16074871.7436,dotcoin,,2.00093e-06,0.0297816,233,539758500.0,57.6211,857624.0,0.053351840915399636,0.5090396908988001
hush,2242500.0,1072.2894975,15959805.225,hush,,0.000478167,7.11697,234,2242500.0,31.7845,473075.0,0.029641652471983724,1.0
goldcoin,40739536.0,1065.52219431,15859045.8345,goldcoin,,2.61545e-05,0.389279,235,40739536.0,250.653,3730680.0,0.2352398775394308,1.0
startcoin,45079785.0,1059.45411252,15768792.1894,startcoin,,1.49678e-05,0.222779,236,70782220.0,42.2348,628617.0,0.039864625803272685,0.636880066773831
korecoin,2022464.88697,1021.20319538,15199450.5897,korecoin,,0.00050493,7.51531,237,2022464.88697,112.511,1674600.0,0.110175034953882,1.0
vivo,990973.952282,949.308923838,14129381.7634,vivo,,0.000524198,7.80209,245,1810973.9522799999,22.8272,339757.0,0.024046133489017085,0.5472049727906758
syndicate,16989280.0,943.059642448,14036356.2539,syndicate,,5.55091e-05,0.826189,248,16989280.0,130.021,1935210.0,0.13787125127023633,1.0
social-send,31431912.224,935.830707823,13928761.1606,social-send,,2.7834e-05,0.414277,249,33621854.8474,37.0579,551564.0,0.039598927258527324,0.9348655024138458
exclusivecoin,4401468.0,924.268666788,13756700.2046,exclusivecoin,,0.000209991,3.12548,250,4401468.0,72.9979,1086490.0,0.07897896907259029,1.0
crowdcoin,605309.654157,886.131860861,13189100.6163,crowdcoin,,0.000927586,13.8061,254,955309.654157,26.7313,397865.0,0.030166196435584925,0.6336266482004176
2give,519303662.047,872.440538313,12985291.9302,2give,,1.68002e-06,0.0250052,256,519303662.047,34.2777,510184.0,0.03928937468194003,1.0
e-dinar-coin,886211987.6789999,854.003916014,12710833.5639,e-dinar-coin,,8.44535e-07,0.0125699,258,1011211987.68,21.0467,313256.0,0.024644803853751767,0.8763859591026164
breakout-stake,6268082.494030001,833.573486633,12406791.7654,breakout-stake,,0.000132987,1.97936,260,6268082.494030001,25.3256,376943.0,0.03038198811809003,1.0
earthcoin,11616909344.3,831.23168446,12371892.2826,earthcoin,,7.15536e-08,0.00106499,261,11616909344.3,30.235,450013.0,0.03637382137839209,1.0
magi,7740035.31115,827.332374409,12313854.3776,magi,,0.00010689,1.59093,262,7740035.31115,137.751,2050260.0,0.16650026361604583,1.0
regalcoin,3555241.985,824.676352233,12274313.1518,regalcoin,,0.00011101,1.65225,263,7428847.42125,35.4175,527149.0,0.042947331836869,0.47857248687465764
trustplus,32086595.2637,816.603849462,12154209.7663,trustplus,,2.545e-05,0.378794,265,32086595.2637,77.3281,1150940.0,0.0946947619080274,1.0
magnet,8491463.0913,787.168751372,11716095.5666,magnet,,9.005e-05,1.34029,268,8741463.0913,20.1843,300420.0,0.025641648132030525,0.9714006685850091
linda,6003429665.78,771.194571437,11478377.4181,linda,,1.28459e-07,0.00191197,270,6003429665.78,74.1412,1103510.0,0.09613815261553427,1.0
copico,15746668.2851,758.62301896,11291219.1991,copico,,3.30691e-05,0.492195,273,22940540.2312,37.8886,563929.0,0.0499440308487634,0.6864122695630305
europecoin,9974599.62878,743.805894318,11070708.382000001,europecoin,,7.457e-05,1.10989,274,9974599.62878,24.7768,368774.0,0.03331078620042003,1.0
audiocoin,838745490.597,725.087927911,10792138.2275,audiocoin,,8.64491e-07,0.012867,275,838745490.597,19.8939,296098.0,0.027436453625612166,1.0
veriumreserve,1439189.20324,719.613311082,10710618.7532,veriumreserve,,0.000500013,7.44212,276,1439189.20324,25.8586,384875.0,0.03593396505547462,1.0
interstellar-holdings,93706327.4738,666.465668557,9919580.73732,interstellar-holdings,,5.00209e-06,0.0744504,280,133237440.46100001,14.2765,212490.0,0.02142126825991327,0.7033032693331334
bitcoinz,836950106.882,652.154034133,9706528.86457,bitcoinz,,7.79203e-07,0.0115975,283,836950106.882,15.2406,226839.0,0.023369734244338334,1.0
breakout,18142082.9233,636.311788035,9470765.97469,breakout,,3.50738e-05,0.522033,286,18142082.9233,17.0584,253894.0,0.02680818010692219,1.0
vtorrent,10815965.8227,610.020472398,9079451.69386,vtorrent,,5.64e-05,0.839449,289,10815965.8227,42.0147,625340.0,0.06887420310004927,1.0
evergreencoin,13321300.5675,592.733933013,8822177.83516,evergreencoin,,4.44952e-05,0.662261,292,13321300.5675,21.3823,318252.0,0.03607408578090946,1.0
buzzcoin,11031022268.1,564.759659467,8405804.4336,buzzcoin,,5.11974e-08,0.000762015,297,11031022268.1,15.3537,228522.0,0.02718621421723104,1.0
bitswift,4069196.9466699995,563.787236961,8391335.17555,bitswift,,0.00013855,2.06216,298,4069196.9466699995,11.654,173456.0,0.0206708463398533,1.0
e-gulden,16101332.0,561.407677607,8355902.35982,e-gulden,,2.72169e-05,0.405092,299,20627172.0,16.0143,238354.0,0.028525225611316807,0.7805884393653187
terracoin,21988905.7294,528.393404677,7864530.034260001,terracoin,,2.403e-05,0.357659,300,21988905.7294,15.4823,230436.0,0.029300670096771075,1.0
linx,14490250.0,498.2469893,7415833.2655,linx,,3.21652e-05,0.478742,302,15490250.0,20.0556,298504.0,0.04025225343033301,0.9354432626975032
parkbyte,4764026.33477,445.502205864,6630810.05405,parkbyte,,9.35138e-05,1.39185,308,4764026.33477,18.1094,269537.0,0.04064918129201587,1.0
fluttercoin,322214524.199,445.187697359,6626083.91853,fluttercoin,,1.38165e-06,0.0205642,309,322214524.199,16.0564,238982.0,0.03606685380661739,1.0
bunnycoin,102401809187.0,391.972621189,5834056.35339,bunnycoin,,3.82779e-09,5.69722e-05,319,102401809187.0,25.8327,384490.0,0.06590440282198921,1.0
unbreakablecoin,2278150.0,375.302431,5585955.4555,unbreakablecoin,,0.00016474,2.45197,323,2278150.0,253.068,3766630.0,0.6743036227206807,1.0
noblecoin,2319136367.02,330.444464391,4918285.25899,noblecoin,,1.42486e-07,0.00212074,324,2319136367.02,7.33866,109228.0,0.022208553235163637,1.0
xgox,951806311.173,328.101107071,4883413.5234,xgox,,2.72233e-07,0.00405188,325,1205221655.97,7.07112,105245.0,0.021551523231791523,0.7897354867947146
signatum,107972765.656,327.413375393,4873167.22419,signatum,,3.03237e-06,0.0451333,327,107972765.656,8.82993,131423.0,0.026968703094699287,1.0
bytecent,1937049.33213,269.249857167,4007483.8812800003,bytecent,,0.000139,2.06886,335,1937049.33213,5.40575,80458.4,0.020077036460668527,1.0
ellaism,3566780.0,263.1213606,3916253.1044,ellaism,,7.377e-05,1.09798,338,3566780.0,8.44498,125694.0,0.03209547407923658,1.0
photon,20884803446.8,250.156087205,3723300.98889,photon,,1.19779e-08,0.000178278,341,20884803446.8,6.94516,103371.0,0.027763267140757594,1.0
cryptonite,380306369.801,247.004423509,3676376.0401,cryptonite,,6.49488e-07,0.00966688,343,380306369.801,5.17035,76954.8,0.020932243916459314,1.0
netcoin,787126711.5519999,245.762211768,3657888.0263199997,netcoin,,3.12227e-07,0.00464714,344,787126711.5519999,12.3777,184228.0,0.05036458160403058,1.0
campuscoin,318386546.09,226.575873178,3372322.20467,campuscoin,,4.37079e-07,0.00650542,350,518386546.09,11.8681,176643.0,0.052380226229683614,0.6141875179660298
influxcoin,1673383.42987,225.568739579,3357325.90917,influxcoin,,0.000134798,2.00631,351,1673383.42987,19.7376,293772.0,0.087501782057443,1.0
xios,2149688.36999,213.77468511,3181796.75019,xios,,9.94445e-05,1.48012,352,2149688.36999,26.3982,392906.0,0.12348557461331801,1.0
inflationcoin,35434703700.6,211.388205355,3146272.14587,inflationcoin,,5.96557e-09,8.87907e-05,354,35434703700.6,4.29459,63920.0,0.020316106502072783,1.0
moin,7345436.422110001,207.597458705,3089850.4855299997,moin,,2.82621e-05,0.420649,357,7345436.422110001,6.16327,91733.2,0.029688556268205667,1.0
petrodollar,63993274.8873,195.134693114,2904360.37807,petrodollar,,3.0493e-06,0.0453854,362,63993274.8873,9.72215,144703.0,0.04982267389839472,1.0
zetacoin,167370228.755,180.358158506,2684434.36198,zetacoin,,1.0776e-06,0.0160389,367,167370228.755,4.96009,73825.2,0.027501212562913102,1.0
monkey-project,105797.144933,166.948463628,2484834.69188,monkey-project,,0.00033007,4.91271,374,505797.144933,4.35044,64751.3,0.026058594646797148,0.20916912242953514
fuelcoin,101653631.21100001,150.447374192,2239236.35367,fuelcoin,,1.48e-06,0.0220281,385,101653631.21100001,3.39038,50461.9,0.022535316523106363,1.0
zero,446302.593337,139.651651876,2078556.1419,zero,,0.000312908,4.65728,391,446302.593337,31.0673,462402.0,0.2224630793841922,1.0
pioneer-coin,1495035.05276,121.937775371,1814903.1073599998,pioneer-coin,,5.101e-05,0.759225,403,2390468.05276,3.44837,51325.0,0.028279746611188813,0.6254151989330518
amsterdamcoin,33476210.3213,106.340964251,1582764.5931799999,amsterdamcoin,,1.64249e-06,0.0244466,414,64743751.4083,2.29095,34098.2,0.02154344376095238,0.5170570069408803
lottocoin,14491014421.2,95.6391011682,1423478.43042,lottocoin,,6.59989e-09,9.82318e-05,423,14491014421.2,4.76896,70980.5,0.049864120511511414,1.0
atomic-coin,13565772.7759,94.9266306567,1412875.2346,atomic-coin,,6.99751e-06,0.10415,425,13565772.7759,3.58327,53332.9,0.03774777750641167,1.0
redcoin,74107896.0,91.8463619866,1367031.3035600001,redcoin,,1.23936e-06,0.0184465,428,74107896.0,6.97032,103745.0,0.07589072739580213,1.0
ethereum-dark,1500000.0,89.9674267178,1339064.1881799998,ethereum-dark,,2.97919e-05,0.443419,430,3019862.0,13.2017,196492.0,0.14673829808492134,0.49671143913198684
coinonatx,17498928.6476,88.7561410043,1321032.62125,coinonatx,,5.07209e-06,0.0754922,432,17498928.6476,2.21018,32896.0,0.024901731774702757,1.0
securecoin,8335290.95,85.1383288215,1267189.2772600001,securecoin,,1.02142e-05,0.152027,439,8335290.95,12.0477,179316.0,0.14150687921517835,1.0
sooncoin,12462620.0,82.0254753064,1220855.7028700002,sooncoin,,6.58172e-06,0.0979614,444,12462620.0,3.36033,50014.7,0.04096692171107931,1.0
rimbit,115499623.422,78.288575444,1165233.81864,rimbit,,1.98975e-07,0.00296151,447,393459356.422,3.45347,51401.0,0.044112176610178175,0.29354905795688413
808coin,3978187849.1,75.7442988282,1127366.71999,808coin,,1.90399e-08,0.000283387,454,3978187849.1,1.86415,27745.7,0.024611068881158844,1.0
gapcoin,12234443.7432,74.5567001712,1109690.9632899999,gapcoin,,6.094e-06,0.0907022,455,12234443.7432,2.12476,31624.6,0.02849856495743619,1.0
digicube,2429126009.17,72.8737802752,1084643.62911,digicube,,3e-08,0.000446516,458,2429126009.17,2.97828,44328.2,0.040868907363032524,1.0
eryllium,5548997.8328599995,62.9355016684,936722.941145,eryllium,,4.04756e-06,0.0602433,472,15548997.8329,2.23589,33278.7,0.035526726781477024,0.35687173491779123
hempcoin-hmp,1356645469.99,57.1329093999,850357.653571,hempcoin-hmp,,2e-08,0.000297677,479,2856645469.99,3.97605,59179.0,0.06959307034103021,0.47490858919736695
interzone,2396120.24519,57.125261024,850244.148031,interzone,,2.0001e-05,0.297692,480,2856120.24519,1.19421,17774.4,0.020905054202562938,0.8389423551845595
blakestar,288292166.89,56.4582730872,840314.00805,blakestar,,1.95837e-07,0.0029148,481,288292166.89,1.67903,24990.4,0.029739359049829186,1.0
litecoin-plus,854687.770666,54.0720782175,804801.354868,litecoin-plus,,6.32653e-05,0.941632,484,854687.770666,1.84212,27417.8,0.034067785589770715,1.0
cryptojacks,406568580.90800005,48.5093236625,722004.8144060001,cryptojacks,,1.19314e-07,0.00177585,492,406568580.90800005,1.38617,20631.6,0.028575432723359058,1.0
cannation,2476892.71923,46.4256386829,690991.146347,cannation,,1.87435e-05,0.278975,498,2476892.71923,1.73527,25827.5,0.03737746878022952,1.0
mutual-coin,2160286328.7,40.0385323498,595926.842406,mutual-coin,,1.8e-08,0.000267909,510,2224362908.32,6.72545,100101.0,0.16797531656042106,0.9711932889276617
votecoin,16474625.0,39.04486125,581137.454488,votecoin,,2.37e-06,0.0352747,513,16474625.0,0.89298,13291.0,0.022870664930226842,1.0
vaperscoin,780124964.0,37.7274018069,561528.074637,vaperscoin,,2.30731e-08,0.000343416,520,1635124964.0,1.83699,27341.5,0.048691243118476175,0.4771041854144183
marijuanacoin,1613254.72883,37.6256173896,560015.567039,marijuanacoin,,2.33228e-05,0.347134,521,1613254.72883,2.16719,32256.1,0.057598577429819296,1.0
tekcoin,1414054561.52,36.7082907951,546359.57337,tekcoin,,2.59596e-08,0.000386378,524,1414054561.52,4.24074,63118.5,0.11552556791615975,1.0
kayicoin,284332776.40599996,35.5791289772,529555.5794170001,kayicoin,,1.25132e-07,0.00186245,526,284332776.40599996,0.91472,13614.6,0.025709482685440925,1.0
postcoin,15868232.6972,33.7610932042,502496.151175,postcoin,,2.12759e-06,0.0316668,531,15868232.6972,0.710874,10580.5,0.021055882667477824,1.0
bitgem,59735.344295,30.5601242586,454852.987074,bitgem,,0.000511592,7.61447,537,59735.344295,0.912791,13585.9,0.02986877163849363,1.0
chancoin,7127857.43658,29.1572849087,433973.184955,chancoin,,4.09061e-06,0.0608841,540,7127857.43658,0.794042,11818.4,0.027233019019885955,1.0
ecocoin,1152132.59672,25.5223148727,379869.749242,ecocoin,,2.21181e-05,0.329202,547,1153910.81841,0.869615,12943.2,0.03407273157661839,0.9984589608992052
coinonat,8623200.0,24.284949408,361452.90528,coinonat,,2.39894e-06,0.0357054,552,10123200.0,0.588054,8752.51,0.024214800523514553,0.8518255097202465
virta-unique-coin,61537175.0,21.7466222733,323673.23306500004,virta-unique-coin,,3.5339e-07,0.0052598,559,61537175.0,0.600461,8937.18,0.027611736427414855,1.0
spots,22406021.2405,20.6980998655,308067.107843,spots,,9.23774e-07,0.0137493,564,22406021.2405,2.14839,31976.3,0.10379654038332473,1.0
cachecoin,4195132.127280001,18.5676967467,276358.94353000005,cachecoin,,4.42601e-06,0.0658761,572,4195132.127280001,0.607082,9035.72,0.032695594666069236,1.0
argus,1148324.048,18.288816121,272208.002957,argus,,3.52089e-06,0.0524044,573,5194373.048,0.634031,9436.83,0.03466771695720758,0.2210707697326709
corgicoin,1251855418.0,17.5137076689,260671.349979,corgicoin,,1.39902e-08,0.000208228,580,1251855418.0,0.714722,10637.8,0.04080924121832719,1.0
fuzzballs,4829945.0,17.2335818561,256502.44013099998,fuzzballs,,3.56807e-06,0.0531067,581,4829945.0,0.353124,5255.84,0.020490409359520154,1.0
kronecoin,4136641.82491,16.02142062,238460.440975,kronecoin,,3.87305e-06,0.0576459,590,4136641.82491,0.590845,8794.05,0.03687844392153062,1.0
doubloon,18547845.1,15.765668335,234654.35271399998,doubloon,,8.5e-07,0.0126513,593,18547845.1,0.566698,8434.65,0.03594499698149759,1.0
healthywormcoin,112342291.32,15.7279207847,234092.12611399998,healthywormcoin,,1.4e-07,0.00208374,594,112342291.32,0.490587,7301.83,0.03119212132937824,1.0
money,45887217.5419,15.5482871302,231418.41550700003,money,,3.38837e-07,0.0050432,596,45887217.5419,0.324416,4828.56,0.02086506378250587,1.0
aerium,1521491.80761,15.5032804372,230748.26895,aerium,,8.02824e-06,0.119491,597,1931093.29531,0.636851,9478.8,0.041078531349909825,0.7878914039550604
solarflarecoin,14083450.0,14.9274711585,222177.69051,solarflarecoin,,1.05993e-06,0.0157758,600,14083450.0,0.333207,4959.4,0.022321773120496012,1.0
warp,1095224.0,14.511718,215990.22026399997,warp,,1.325e-05,0.197211,601,1095224.0,0.884502,13164.8,0.06095090779531111,1.0
comet,872830.0,14.165507202,210837.32348,comet,,1.62294e-05,0.241556,603,872830.0,3.58814,53405.4,0.25330145117814507,1.0
benjirolls,20276099.1465,12.9519666128,192775.215397,benjirolls,,6.3878e-07,0.00950751,609,20276099.1465,0.313233,4662.12,0.024184229235064587,1.0
quazarcoin,6044910.70815,12.0898214163,179943.088487,quazarcoin,,2e-06,0.0297677,612,6044910.70815,0.489184,7280.95,0.040462515460970384,1.0
slevin,70000000.0245,11.9000000042,177118.200062,slevin,,1.7e-07,0.00253026,613,70000000.0245,1.45033,21586.5,0.12187623853699775,1.0
iconic,592893.53,11.620713188,172961.272146,iconic,,1.96e-05,0.291724,614,592893.53,0.424889,6323.99,0.036563040509217555,1.0
usde,1134236103.79,11.3423610379,168818.567453,usde,,1e-08,0.000148839,615,1134236103.79,0.40982,6099.7,0.03613168913838929,1.0
milocoin,10789953.7141,10.4898851013,156129.551247,milocoin,,9.7219e-07,0.0144699,618,10789953.7141,0.404842,6025.6,0.03859359071920589,1.0
b3coin,492991816.21300006,8.86608032052,131960.981275,b3coin,,1.43978e-08,0.000214294,625,615794101.913,46.3183,689396.0,5.224241236607158,0.8005789835945042
printerium,11821727.8828,8.25700405702,122896.318724,printerium,,6.9846e-07,0.0103958,626,11821727.8828,0.494891,7365.89,0.05993580667409805,1.0
anarchistsprime,4394873.80102,7.77409226662,115708.676921,anarchistsprime,,1.7689e-06,0.0263281,627,4394873.80102,0.531944,7917.37,0.06842503268277432,1.0
bnrtxcoin,27021001.0015,7.08352839154,105430.541708,bnrtxcoin,,2.62149e-07,0.0039018,629,27021001.0015,0.175791,2616.45,0.02481681263904068,1.0
zetamicron,600344291.45,6.0034429145,89354.6439951,zetamicron,,1e-08,0.000148839,634,600344291.45,0.133815,1991.68,0.0222896081384334,1.0
women,44220400.2887,5.7277800086,85251.18310469999,women,,1.29528e-07,0.00192787,635,44220400.2887,0.436625,6498.67,0.07622967521774747,1.0
piecoin,11177520.2066,5.58876010331,83182.3229512,piecoin,,5e-07,0.00744193,636,11177520.2066,0.134955,2008.65,0.024147558384230276,1.0
geertcoin,5091199.615,5.02130253549,74736.26474839999,geertcoin,,9.86271e-07,0.0146795,638,5091199.615,0.407214,6060.92,0.08109744339517258,1.0
enigma,16626.6407458,4.98300646138,74166.1114126,enigma,,7.479e-05,1.11316,639,66626.6407458,0.257234,3828.63,0.05162236400261856,0.24954943787779224
rsgpcoin,1727.91149599,4.31460141887,64217.985688,rsgpcoin,,0.00199999,29.7676,641,2157.31149599,0.104921,1561.62,0.024317486499608625,0.8009559580069144
coimatic-2,13532750.0,2.72449779037,40551.1483125,coimatic-2,,9.04165e-08,0.00134575,645,30132750.0,0.0770079,1146.17,0.02826479761232039,0.4491043797861131
elysium,4005012.07736,2.44305736719,36362.105402199995,elysium,,6.1e-07,0.00907915,646,4005012.07736,0.319895,4761.28,0.13094071279249772,1.0
xonecoin,420000.0,2.2638,33694.08,xonecoin,,5.39e-06,0.080224,647,420000.0,0.0973747,1449.31,0.04301378758523752,1.0
rawcoin2,704882.0,1.08465127514,16143.7714696,rawcoin2,,1.53877e-06,0.0229028,651,704882.0,0.0827661,1231.88,0.07630682844586395,1.0
everex,16500000.0,6209.775,92782500.0,everex,ETH,0.000248391,3.7113,178,25000000.0,1588.61,23736000.0,0.25582410476113493,0.66
trust,92147500.0,6166.3,92133000.0,trust,ETH,6.1663e-05,0.92133,179,100000000.0,184.357,2754550.0,0.02989753942669836,0.921475
numeraire,1296590.55335,5753.80907464,85969881.7968,numeraire,ETH,0.00250537,37.4337,184,2296590.55335,135.767,2028540.0,0.023595937991338578,0.5645719266147307
blockmason,45166200.0,5483.2814916,81927753.2631,blockmason,ETH,4.72051e-05,0.705309,190,116158667.0,295.415,4413910.0,0.05387563828127106,0.38883194139960303
bitcny,548920000.0,5175.5855364,77330202.84,bitcny,BTS,9.42867e-06,0.140877,193,548920000.0,3909.64,58415400.0,0.7554021307931177,1.0
lunyr,2297853.07853,4937.30140759,73770262.0134,lunyr,ETH,0.00182636,27.2884,195,2703356.07853,197.805,2955480.0,0.0400632981276812,0.8500001523215914
worldcore,175109299.0,4866.10497587,72706273.6186,worldcore,ETH,1.98447e-05,0.296507,197,245209299.0,98.8365,1476750.0,0.020311177103459917,0.7141217715401568
patientory,70000000.0,4821.7764336,72043940.85,patientory,ETH,4.82168e-05,0.720425,198,100002000.0,489.257,7310170.0,0.1014682138949094,0.6999860002799944
moeda-loyalty-points,19628888.0,4787.52504098,71532378.8051,moeda-loyalty-points,ETH,0.000243902,3.64424,200,19628888.0,530.941,7933000.0,0.11090082746464468,1.0
genesis-vision,3726780.8999699997,4673.60508076,69830113.4488,genesis-vision,ETH,0.00105341,15.7394,203,4436643.92853,272.501,4071550.0,0.05830650701985889,0.8400000000010818
foldingcoin,550358603.0,4609.23,68868200.0,foldingcoin,XCP,4.60923e-06,0.0688682,205,1000000000.0,220.898,3300520.0,0.047925167203440776,0.550358603
publica,18582932.5,4466.83016575,66740433.138000004,publica,ETH,0.000132205,1.97532,208,33787150.0,111.035,1659020.0,0.024857794922751312,0.55
mysterium,19429024.2167,4392.02907246,65623077.3307,mysterium,ETH,0.000135417,2.02332,210,32433365.6222,129.647,1937110.0,0.029518731501086963,0.5990443435016566
blackmoon-crypto,20882537.84,4082.808,61002600.0,blackmoon-crypto,ETH,6.80468e-05,1.01671,216,60000000.0,123.163,1840230.0,0.030166419136233538,0.3480422973333333
stox,42588465.0993,4038.33941135,60338281.4261,stox,ETH,6.91162e-05,1.03269,218,58428261.5558,137.375,2052570.0,0.034017707357374916,0.728901801376159
nexium,66521586.0,3803.22533206,56825399.6246,nexium,ETH,5.71728e-05,0.85424,224,66521586.0,301.997,4512250.0,0.07940551284828315,1.0
kickico,321137782.25,3424.65553579,51168967.5681,kickico,ETH,7.48132e-06,0.111781,233,457760867.84099996,264.133,3946520.0,0.07712721572401547,0.7015404872081485
aventus,6000000.0,3275.27,48937100.0,aventus,ETH,0.000327527,4.89371,236,10000000.0,184.608,2758300.0,0.05636418994995617,0.6
investfeed,191381257.0,2653.96044332,39653813.6879,investfeed,ETH,1.38674e-05,0.207198,247,191381257.0,66.3933,992008.0,0.025016711073686772,1.0
swarm-city,8015698.76225,2535.05290625,37877222.6171,swarm-city,ETH,0.000316261,4.72538,250,8015698.76225,94.7355,1415480.0,0.0373702162460288,1.0
databits,22747808.5,2448.80158502,36588485.1037,databits,XCP,0.00010765,1.60844,252,22747808.5,71.4812,1068030.0,0.029190331246919974,1.0
clearpoll,6999991.0,2157.03705866,32229060.9938,clearpoll,ETH,0.000239671,3.58101,256,8999991.9,45.3657,677826.0,0.02103151562902796,0.7777774777775077
aeron,12000000.0,2126.58,31774200.0,aeron,ETH,0.000106329,1.58871,257,20000000.0,373.726,5583980.0,0.17573943639808398,0.6
elixir,30075281.4256,2017.18521555,30139642.5278,elixir,ETH,6.70712e-05,1.00214,260,30075281.4256,86.6154,1294150.0,0.042938465471390734,1.0
voisecom,643012000.0,1989.85763028,29731292.8406,voisecom,ETH,2.41026e-06,0.0360127,264,825578000.0,90.4048,1350770.0,0.04543260218255415,0.7788628088442279
suncontract,109212011.154,1904.48179555,28455624.4595,suncontract,ETH,1.55205e-05,0.231898,268,122707502.69299999,63.4579,948149.0,0.03332026683685929,0.8900190188633849
bitusd,28644000.0,1857.8269248,27758528.028,bitusd,BTS,6.48592e-05,0.969087,270,28644000.0,321.194,4799080.0,0.17288668891805692,1.0
bitcrystals,23192530.6116,1555.4696853,23240771.0753,bitcrystals,XCP,6.70677e-05,1.00208,278,23192530.6116,52.1847,779712.0,0.03354931716653189,1.0
chronobank,710112.8108,1543.43019427,23060984.542,chronobank,ETH,0.0021735,32.4751,279,710112.8108,40.8023,609642.0,0.026436078602354758,1.0
eroscoin,114744000.0,1508.3928,22537464.0,eroscoin,ETH,6.28497e-06,0.0939061,282,240000000.0,33.7928,504911.0,0.02240318609050246,0.4781
mywish,17873502.4389,1353.28729093,20219974.9601,mywish,ETH,6.83344e-05,1.02101,290,19803895.1236,31.3464,468359.0,0.023163183976449578,0.9025245956589834
trueflip,6247267.0,1308.24016153,19546984.1567,trueflip,ETH,0.000146587,2.19022,291,8924667.0,175.711,2625360.0,0.13431023317733246,0.7000000112048999
qvolta,6731528.0,1308.17168921,19545941.2181,qvolta,ETH,0.000129564,1.93587,292,10096722.0,63.6168,950522.0,0.04863014727169006,0.6667043026439671
sportyfi,49573003.4959,1037.74072895,15505331.7638,sportyfi,ETH,1.46836e-05,0.219394,305,70673453.9859,28.3035,422894.0,0.02727410199550341,0.7014373955147326
creditbit,16511828.1659,914.505951785,13663967.1148,creditbit,ETH,5.53849e-05,0.827526,311,16511828.1659,43.0698,643522.0,0.04709627845217624,1.0
primalbase,1000.0,598.235,8938462.5,primalbase,WAVES,0.478588,7150.77,329,1250.0,78.1071,1167030.0,0.1305627226158861,0.8
kolion,600000.0,531.802,7945850.0,kolion,WAVES,0.000531802,7.94585,335,1000000.0,83.307,1244720.0,0.15665032690020578,0.6
darcrus,13600388.07,434.271271386,6488622.7447,darcrus,WAVES,3.19308e-05,0.477091,340,13600388.07,15.6242,233447.0,0.035977896879685736,1.0
authorship,80000000.0,431.984,6454440.0,authorship,ETH,4.31984e-06,0.0645444,341,100000000.0,9.02516,134848.0,0.020892285000712687,0.8
cryptoping,9952089.0,394.570472583,5895428.43391,cryptoping,WAVES,3.9647e-05,0.592381,346,9952089.0,9.33364,139457.0,0.02365510862583884,1.0
dai,3444952.5535199996,384.478048364,5744622.78315,dai,ETH,6.7439e-05,1.00763,347,5701123.21303,42.7409,638609.0,0.11116639405343616,0.6042585688459619
crystal-clear,4523098.86739,230.54003973,3444581.3688,crystal-clear,ETH,3.32955e-05,0.49748,363,6924060.0,9.76437,145893.0,0.0423543485781627,0.6532437424560157
senderon,40592900.0,147.09333901,2197776.79005,senderon,ETH,3.2239e-06,0.0481695,377,45625900.0,8.39113,125375.0,0.0570462844851263,0.8896898472139728
bitcoin-red,18684926.499,137.00211,2047002.3,bitcoin-red,ETH,6.52391e-06,0.0974763,378,21000000.0,20.3439,303966.0,0.1484932381365668,0.8897584047142858
zcash-gold,2007615.0,98.6235,1473570.0,zcash-gold,ETH,3.94494e-05,0.589428,387,2500000.0,3.41894,51083.7,0.03466662594922535,0.803046
billionaire-token,3268314.6353,90.7649132138,1356150.9672,billionaire-token,ETH,2.73775e-05,0.409057,389,3315310.5,4.79994,71717.8,0.052883345390427564,0.9858245963085509
ethereumcash,14100000.0,52.65405,786726.0,ethereumcash,ETH,3.51027e-06,0.0524484,406,15000000.0,1.18257,17669.2,0.02245915350452381,0.94
bitbtc,51.4695,51.528689925,769906.51575,bitbtc,BTS,1.00115,14958.5,407,51.4695,3.34644,50000.4,0.06494346907986925,1.0
dix-asset,100000000000.0,24.0152,358821.0,dix-asset,NXT,2.40152e-10,3.58821e-06,418,100000000000.0,1.63135,24374.6,0.06792969196340236,1.0
exchangen,5100000.0,19.9569,298183.0,exchangen,ETH,1.99569e-06,0.0298183,419,10000000.0,0.463815,6930.03,0.023240862155119505,0.51
